TIME;2000-Q2;2001-Q2;2002-Q2;2003-Q2;2004-Q2;2005-Q2;2006-Q2;2007-Q2;2008-Q2;2009-Q2;2010-Q2;2011-Q2;2012-Q2;2013-Q2;2014-Q2;2015-Q2;2016-Q2;2017-Q2;2018-Q2;2019-Q2;2023-Q2;2024-Q2
AIRP_PR (Labels);;;;;;;;;;;;;;;;;;;;;;
AMSTERDAM/SCHIPHOL airport - ABU DHABI INTERNATIONAL airport;:;:;:;:;:;:;:;:;:;:;:;:;:;41,896;68,399;65,684;68,110;72,845;76,582;85,166;48,080;53,133
AMSTERDAM/SCHIPHOL airport - DUBAI INTERNATIONAL airport;41,187;52,797;36,903;43,837;49,813;54,574;72,053;70,942;75,608;67,111;98,490;127,552;127,586;133,519;157,019;184,094;191,722;203,266;215,282;238,696;227,580;224,942
AMSTERDAM/SCHIPHOL airport - BONAIRE/FLAMINGO airport;:;:;:;:;:;:;:;:;:;:;:;:;:;:;:;18,285;21,521;24,739;30,713;32,295;46,830;44,039
AMSTERDAM/SCHIPHOL airport - CURACAO/AEROPUERTO HATO airport;40,881;63,788;64,065;69,176;66,012;64,236;67,004;68,597;80,428;95,598;88,736;97,048;92,565;94,091;98,974;105,481;105,752;110,743;120,485;134,435;141,990;167,798
AMSTERDAM/SCHIPHOL airport - ST. MAARTEN/PRINCESS JULIANA airport;:;:;:;:;:;:;:;:;:;:;:;:;:;:;:;:;:;:;:;:;:;:
AMSTERDAM/SCHIPHOL airport - EZEIZA MINISTRO PISTARINI (BA) airport;:;:;:;:;:;:;:;:;:;:;:;:;23,103;19,513;19,472;29,021;28,710;41,362;45,103;34,860;35,348;31,442
AMSTERDAM/SCHIPHOL airport - INNSBRUCK airport;:;:;:;:;:;:;:;:;:;:;:;:;:;:;:;:;8,361;12,584;8,043;8,476;:;:
AMSTERDAM/SCHIPHOL airport - WIEN-SCHWECHAT airport;119,806;109,399;107,632;101,061;115,528;114,132;118,000;144,890;151,666;132,061;119,550;144,006;138,753;147,421;151,344;155,394;195,327;212,744;231,638;269,019;218,074;220,958
AMSTERDAM/SCHIPHOL airport - SYDNEY/SYDNEY (KINGSFORD SMITH) INTL airport;22,460;:;:;:;:;:;:;:;:;:;:;:;:;:;:;:;:;:;:;:;:;:
AMSTERDAM/SCHIPHOL airport - ORANJESTAD/BEATRIX airport;24,973;24,328;26,185;25,815;28,813;31,857;32,402;29,619;30,014;24,891;27,904;29,795;28,611;27,566;26,973;27,762;29,565;34,200;37,852;37,452;29,977;:
AMSTERDAM/SCHIPHOL airport - BRUSSELS airport;96,221;80,880;61,193;48,888;59,393;55,376;51,419;52,790;54,447;49,045;47,360;47,181;50,224;51,622;55,808;60,463;42,021;69,259;73,169;74,544;46,814;46,675
AMSTERDAM/SCHIPHOL airport - BURGAS airport;:;:;:;:;:;:;:;:;:;:;:;9,602;:;:;:;:;:;:;:;:;:;:
AMSTERDAM/SCHIPHOL airport - SOFIA airport;:;:;:;:;:;:;:;:;:;:;:;:;21,167;23,327;26,539;26,694;27,115;32,016;36,581;36,181;25,269;:
AMSTERDAM/SCHIPHOL airport - BAHRAIN INTERNATIONAL airport;:;:;:;:;:;:;18,119;:;:;:;:;:;:;:;:;:;:;:;:;:;:;:
AMSTERDAM/SCHIPHOL airport - FORTALEZA/ PINTO MARTINS, CE airport;:;:;:;:;:;:;:;:;:;:;:;:;:;:;:;:;:;:;:;21,736;:;:
AMSTERDAM/SCHIPHOL airport - RIO DE JANEIRO/GALEAO-ANTONIO CARLOS JOBIM, RJ airport;:;:;:;:;:;:;:;:;:;:;:;:;19,781;33,286;37,135;38,556;34,556;43,955;51,023;49,111;42,517;44,591
AMSTERDAM/SCHIPHOL airport - SAO PAULO/GUARULHOS, GOVERNADOR ANDRE FRANCO MONTORO, SP airport;:;32,760;27,642;29,242;39,697;43,680;49,513;48,261;50,529;39,875;47,317;55,388;58,320;64,159;64,274;62,503;57,167;62,142;66,522;63,585;68,715;60,995
AMSTERDAM/SCHIPHOL airport - MINSK-2 airport;:;:;:;:;:;:;:;:;:;:;:;:;:;:;:;:;:;:;:;:;:;:
AMSTERDAM/SCHIPHOL airport - EDMONTON INTL, AB airport;:;:;:;:;:;:;:;:;:;:;:;:;:;:;:;:;20,953;24,913;25,264;25,609;22,923;:
AMSTERDAM/SCHIPHOL airport - MONTREAL INTL (MIRABEL), QC airport;:;:;:;:;:;:;:;:;:;:;:;:;:;:;:;:;:;:;:;:;:;:
AMSTERDAM/SCHIPHOL airport - MONTREAL/PIERRE ELLIOT TRUDEAU INTL, QC airport;51,227;71,369;58,215;42,823;47,698;45,797;48,710;49,558;49,255;48,153;45,770;47,899;49,066;49,180;49,318;49,837;49,013;46,139;44,038;46,342;43,451;86,649
AMSTERDAM/SCHIPHOL airport - VANCOUVER INTL, BC airport;57,744;53,607;43,965;41,182;53,587;52,382;58,104;60,194;63,198;53,904;48,914;57,351;63,766;61,592;55,026;57,386;58,942;57,998;65,119;70,119;65,677;56,340
AMSTERDAM/SCHIPHOL airport - CALGARY INTL, AB airport;:;:;:;:;:;:;:;:;:;:;27,603;30,980;39,857;47,164;47,670;50,777;48,445;53,179;54,665;53,272;53,037;53,554
AMSTERDAM/SCHIPHOL airport - TORONTO/LESTER B. PEARSON INTL, ON airport;103,357;103,574;100,524;78,574;101,566;100,742;105,809;117,934;131,333;101,179;93,020;106,363;112,449;107,864;100,334;104,253;140,953;162,375;181,915;157,579;148,627;144,907
AMSTERDAM/SCHIPHOL airport - BALE-MULHOUSE airport;:;:;:;:;:;:;:;:;:;:;:;:;:;:;:;107,806;118,267;118,897;123,671;124,089;105,985;109,620
AMSTERDAM/SCHIPHOL airport - GENEVA airport;115,054;115,481;119,491;111,845;122,056;123,353;133,246;135,900;146,392;134,997;124,747;153,610;163,874;168,681;170,332;171,247;167,936;172,735;176,154;180,887;146,661;159,380
AMSTERDAM/SCHIPHOL airport - ZURICH airport;168,317;152,477;140,563;124,133;135,816;141,114;157,702;162,534;179,305;158,555;148,959;173,537;177,047;187,130;188,221;202,165;211,481;244,386;266,651;263,234;201,294;212,104
AMSTERDAM/SCHIPHOL airport - SANTIAGO/AP ARTURO MERINO BENITEZ airport;:;:;:;:;:;:;:;:;:;:;:;:;:;:;:;:;:;:;:;:;:;:
AMSTERDAM/SCHIPHOL airport - BEIJING/CAPITAL airport;25,465;27,914;32,509;10,591;48,287;62,303;59,778;73,824;64,586;62,716;69,660;63,952;64,022;83,888;76,246;89,611;87,599;92,288;90,335;92,347;40,296;40,544
AMSTERDAM/SCHIPHOL airport - BEIJING/DAXING INTERNATIONAL airport;:;:;:;:;:;:;:;:;:;:;:;:;:;:;:;:;:;:;:;:;:;39,568
AMSTERDAM/SCHIPHOL airport - GUANGZHOU/BAIYUN airport;:;:;:;:;:;:;:;:;:;:;:;19,080;35,148;33,551;33,282;35,414;36,512;35,367;45,744;46,516;25,237;40,167
AMSTERDAM/SCHIPHOL airport - XIAMEN/GAOQI airport;:;:;:;:;:;:;:;:;:;:;:;:;19,954;:;:;21,287;29,854;34,809;38,534;36,484;20,838;22,758
AMSTERDAM/SCHIPHOL airport - HANGZHOU/XIAOSHAN airport;:;:;:;:;:;:;:;:;:;:;:;20,867;22,187;20,609;:;22,248;:;:;:;:;:;:
AMSTERDAM/SCHIPHOL airport - SHANGHAI/PUDONG airport;:;:;:;:;36,504;45,249;45,379;62,514;70,617;71,631;71,803;82,857;86,007;84,041;83,418;82,576;91,087;107,038;113,016;120,441;65,846;78,615
AMSTERDAM/SCHIPHOL airport - SHANGHAI/HONGQIAO airport;:;:;:;15,609;:;:;:;:;:;:;:;:;:;:;:;:;:;:;:;:;:;:
AMSTERDAM/SCHIPHOL airport - CHENGDU/SHUANGLIU airport;:;:;:;:;:;:;:;:;:;:;:;20,607;21,487;21,969;22,237;22,590;19,598;27,985;28,297;27,356;:;:
AMSTERDAM/SCHIPHOL airport - BOGOTA INTL/CUNDINAMARCA airport;:;:;:;:;:;:;:;:;:;:;:;:;:;:;:;:;:;:;:;19,503;30,181;:
AMSTERDAM/SCHIPHOL airport - ALAJUELA/JUAN SANTAMARIA INTL. airport;:;:;:;17,740;:;:;:;:;:;:;:;:;:;:;:;:;:;:;:;:;:;:
AMSTERDAM/SCHIPHOL airport - HABANA/JOSE MARTI INTL. airport;:;:;:;:;:;:;:;:;:;:;:;:;:;17,961;17,911;18,426;29,196;46,033;32,041;19,176;:;:
AMSTERDAM/SCHIPHOL airport - AMILCAR CABRAL/SAL ISLAND airport;:;:;:;:;:;:;:;:;:;:;:;:;:;:;:;:;:;14,563;:;:;:;:
AMSTERDAM/SCHIPHOL airport - LARNAKA/INTL airport;31,588;31,928;29,248;23,814;27,569;28,347;22,924;:;:;:;:;:;:;:;:;:;:;:;:;:;:;:
AMSTERDAM/SCHIPHOL airport - PRAHA/RUZYNE airport;77,769;81,226;88,957;87,417;94,419;93,676;108,791;109,228;129,119;112,199;95,453;127,237;102,420;120,643;124,793;138,121;162,304;179,311;188,947;207,066;150,272;175,199
AMSTERDAM/SCHIPHOL airport - BERLIN-BRANDENBURG airport;:;:;:;:;:;:;:;:;:;:;:;40,801;48,473;56,617;58,391;66,210;86,253;84,937;84,812;88,291;230,160;220,464
AMSTERDAM/SCHIPHOL airport - FRANKFURT/MAIN airport;162,804;163,175;151,212;138,665;145,663;139,530;157,674;153,590;159,024;154,949;143,158;189,281;195,050;188,554;207,210;233,819;220,802;225,002;234,283;243,352;170,204;167,594
AMSTERDAM/SCHIPHOL airport - MUENSTER/OSNABRUECK airport;20,483;:;:;:;:;:;:;:;:;:;:;:;:;:;:;:;:;:;:;:;:;:
AMSTERDAM/SCHIPHOL airport - HAMBURG airport;58,110;59,852;61,960;52,542;62,143;63,601;66,471;70,779;74,797;70,368;74,459;91,727;100,626;99,026;100,770;121,863;132,107;116,229;121,783;123,979;88,728;87,343
AMSTERDAM/SCHIPHOL airport - KOELN/BONN airport;24,028;21,463;21,579;:;:;:;:;:;20,207;:;21,572;25,791;23,642;24,041;25,941;23,641;:;:;:;:;:;:
AMSTERDAM/SCHIPHOL airport - DUESSELDORF airport;47,506;36,278;34,746;26,566;34,156;37,185;35,565;36,527;39,751;39,503;39,915;45,859;45,698;40,759;47,587;52,381;57,232;59,043;62,327;64,073;54,752;60,320
AMSTERDAM/SCHIPHOL airport - MUENCHEN airport;109,141;119,971;100,357;93,609;110,101;114,353;130,606;141,609;160,465;155,285;143,794;182,801;177,185;184,463;188,021;209,803;214,466;261,198;259,509;261,683;183,240;209,480
AMSTERDAM/SCHIPHOL airport - NUERNBERG airport;27,436;32,167;24,515;20,810;27,627;30,261;35,959;32,121;37,968;34,227;36,168;39,149;41,284;43,241;43,784;51,259;51,669;51,614;51,539;54,771;46,368;53,036
AMSTERDAM/SCHIPHOL airport - STUTTGART airport;48,798;47,028;44,819;35,626;42,669;47,091;55,053;52,561;53,519;43,606;41,489;49,214;54,625;58,224;63,651;82,733;85,811;86,090;90,991;89,720;70,624;69,716
AMSTERDAM/SCHIPHOL airport - BERLIN-TEGEL airport;59,774;65,758;66,390;62,928;75,160;81,648;113,114;100,711;102,980;108,412;103,612;126,305;115,225;124,701;136,674;150,276;150,160;160,089;175,096;191,340;:;:
AMSTERDAM/SCHIPHOL airport - HANNOVER airport;:;:;:;:;:;:;38,079;29,771;33,999;28,253;37,296;43,215;42,420;46,058;46,195;46,912;45,714;48,319;50,781;54,695;39,294;46,754
AMSTERDAM/SCHIPHOL airport - BREMEN airport;25,608;30,595;30,371;23,969;30,387;30,105;28,220;27,241;25,269;25,005;28,921;33,306;36,308;38,858;36,874;40,898;39,982;45,860;46,172;47,796;34,518;45,332
AMSTERDAM/SCHIPHOL airport - PADERBORN/LIPPSTADT airport;21,137;:;:;:;:;:;:;:;:;:;:;:;:;:;:;:;:;:;:;:;:;:
AMSTERDAM/SCHIPHOL airport - HANNOVER UIR airport;31,313;33,695;35,612;28,955;34,344;37,534;:;:;:;:;:;:;:;:;:;:;:;:;:;:;:;:
AMSTERDAM/SCHIPHOL airport - BILLUND airport;37,069;34,984;40,650;41,505;47,898;45,321;45,877;54,706;62,135;59,298;56,234;66,965;74,085;77,286;81,496;84,348;88,132;96,890;100,075;105,314;87,750;111,953
AMSTERDAM/SCHIPHOL airport - KOBENHAVN/KASTRUP airport;135,756;143,009;165,339;144,026;142,998;156,960;217,743;216,746;197,287;189,129;175,198;228,064;225,668;225,590;248,153;249,412;265,418;279,645;298,925;294,726;298,361;312,409
AMSTERDAM/SCHIPHOL airport - AALBORG airport;:;:;:;:;:;:;:;:;:;:;:;:;30,216;36,100;39,973;42,145;52,090;55,092;56,494;60,508;46,074;48,740
AMSTERDAM/SCHIPHOL airport - PUNTA CANA INTL. airport;:;:;:;:;:;:;:;19,623;:;:;:;:;:;:;:;:;:;:;:;:;:;:
AMSTERDAM/SCHIPHOL airport - GUAYAQUIL airport;:;:;:;:;:;:;:;:;:;:;:;:;:;19,594;25,251;24,816;24,703;26,335;27,579;28,226;20,472;:
AMSTERDAM/SCHIPHOL airport - QUITO/MARISCAL SUCRE INTL airport;:;:;:;:;:;:;:;:;:;:;:;:;:;:;:;:;:;:;27,015;26,020;23,804;:
AMSTERDAM/SCHIPHOL airport - QUITO airport;20,833;25,271;15,923;17,077;:;:;:;19,591;18,718;:;:;:;18,377;24,427;28,530;27,622;27,419;:;:;:;:;:
AMSTERDAM/SCHIPHOL airport - LENNART MERI TALLINN airport;:;:;:;:;:;:;:;20,125;23,190;:;:;:;26,554;24,674;23,346;21,098;24,963;29,987;30,689;22,251;22,274;:
AMSTERDAM/SCHIPHOL airport - CAIRO/INTL airport;49,850;49,177;40,211;27,359;35,481;48,310;45,859;52,833;57,269;49,931;56,134;40,787;39,761;49,559;37,299;38,282;40,303;18,816;21,923;23,388;25,875;:
AMSTERDAM/SCHIPHOL airport - HURGHADA / INTL airport;22,244;21,055;16,657;14,630;30,569;37,804;40,977;39,373;46,019;29,451;33,673;32,300;37,967;43,728;24,815;37,885;:;27,410;33,292;30,678;28,392;24,693
AMSTERDAM/SCHIPHOL airport - MARSA ALAM / INTL airport;:;:;:;:;:;:;:;:;:;:;:;:;:;:;:;:;:;:;:;15,835;:;:
AMSTERDAM/SCHIPHOL airport - SHARM EL SHEIKH / INTL airport;:;:;:;:;:;25,767;22,795;24,718;27,055;21,444;23,774;17,304;25,918;29,063;:;:;:;:;:;:;:;:
AMSTERDAM/SCHIPHOL airport - ATHINAI (APP,MET) airport;91,390;96,225;105,033;82,888;83,431;84,535;:;:;:;:;:;:;:;:;:;:;:;:;:;:;:;:
AMSTERDAM/SCHIPHOL airport - ATHINAI/ELEFTHERIOS VENIZELOS airport;:;:;:;:;:;:;100,255;104,631;93,067;83,064;72,755;94,111;45,585;63,304;82,237;80,701;93,495;123,791;126,758;133,807;138,048;160,781
AMSTERDAM/SCHIPHOL airport - IRAKLION/NIKOS KAZANTZAKIS airport;115,845;115,090;100,934;86,118;78,257;82,305;99,350;94,571;92,887;65,755;63,505;67,343;55,098;67,200;72,288;75,417;80,825;95,995;90,407;78,597;84,347;89,621
AMSTERDAM/SCHIPHOL airport - KOS/IPPOKRATIS airport;41,913;39,981;40,887;35,720;31,459;39,049;45,135;46,576;48,018;41,441;34,485;42,806;42,012;52,809;54,657;52,754;29,426;63,221;57,444;51,456;45,136;:
AMSTERDAM/SCHIPHOL airport - KERKIRA/IOANNIS KAPODISTRIAS airport;31,075;28,934;24,942;:;:;23,962;28,508;25,270;25,408;:;:;:;:;:;:;:;26,896;31,306;35,590;25,855;:;:
AMSTERDAM/SCHIPHOL airport - PREVEZA/AKTION airport;:;:;:;:;:;:;:;:;:;:;:;:;:;:;:;:;:;:;:;:;:;:
AMSTERDAM/SCHIPHOL airport - RODOS/DIAGORAS airport;38,158;38,570;40,420;31,972;31,602;35,721;46,181;43,520;46,098;31,804;25,300;32,819;27,926;32,352;35,897;40,221;34,083;44,922;43,853;38,621;42,568;:
AMSTERDAM/SCHIPHOL airport - THESSALONIKI/MAKEDONIA airport;:;:;25,038;:;:;:;:;:;:;:;:;:;:;:;:;:;26,286;31,010;36,858;37,711;34,395;34,171
AMSTERDAM/SCHIPHOL airport - ZAKINTHOS/DIONISIOS SOLOMOS airport;:;:;:;:;:;:;:;:;:;:;:;:;:;:;25,554;30,131;35,480;47,810;47,255;46,638;70,971;74,303
AMSTERDAM/SCHIPHOL airport - FUERTEVENTURA airport;18,712;22,559;22,771;26,862;21,996;18,797;22,966;19,688;21,012;16,579;:;16,409;15,128;17,287;16,178;15,436;26,727;30,976;26,693;24,490;23,098;:
AMSTERDAM/SCHIPHOL airport - GRAN CANARIA airport;81,945;79,839;75,640;70,413;63,130;57,475;68,143;58,087;59,290;47,622;47,207;50,633;49,284;53,074;51,090;58,277;81,157;79,454;77,459;67,191;73,114;76,524
AMSTERDAM/SCHIPHOL airport - LANZAROTE airport;34,445;34,289;30,467;33,150;25,722;21,343;26,354;25,663;20,589;18,430;17,066;18,665;20,679;25,778;24,206;24,831;31,699;36,582;29,537;21,827;22,278;:
AMSTERDAM/SCHIPHOL airport - TENERIFE SUR/REINA SOFIA airport;55,756;61,384;56,643;55,432;46,934;41,494;42,285;37,915;37,963;30,265;28,329;34,677;34,749;42,530;36,701;40,993;62,115;62,710;64,069;45,404;54,466;59,506
AMSTERDAM/SCHIPHOL airport - ALICANTE airport;64,471;73,346;66,727;70,809;68,874;66,248;64,842;61,144;53,613;50,133;39,399;60,824;62,995;76,492;76,155;84,950;107,414;134,997;119,851;121,992;139,603;160,544
AMSTERDAM/SCHIPHOL airport - BILBAO airport;:;:;:;:;:;:;:;:;:;:;:;:;:;:;18,452;44,729;49,067;60,531;65,014;65,705;68,335;81,151
AMSTERDAM/SCHIPHOL airport - BARCELONA/EL PRAT airport;170,931;221,982;302,101;317,306;317,711;292,882;336,053;331,494;334,370;306,219;270,981;362,052;341,072;324,111;328,874;309,945;339,142;359,870;378,248;365,413;383,861;406,225
AMSTERDAM/SCHIPHOL airport - GIRONA airport;:;:;:;:;:;:;:;:;:;:;:;22,846;:;23,427;25,354;:;21,194;18,538;:;:;:;:
AMSTERDAM/SCHIPHOL airport - IBIZA airport;:;:;:;:;:;:;:;:;:;:;22,563;33,455;38,502;48,554;49,887;55,435;95,283;113,941;117,254;104,280;109,098;100,638
AMSTERDAM/SCHIPHOL airport - ADOLFO SUAREZ MADRID-BARAJAS airport;176,597;187,618;203,222;232,730;228,993;229,745;270,841;271,608;245,314;238,465;265,622;296,417;270,781;194,980;192,735;234,707;253,016;265,259;268,011;286,609;266,696;320,175
AMSTERDAM/SCHIPHOL airport - MALAGA/COSTA DEL SOL airport;103,322;104,899;112,446;115,312;102,787;97,882;105,315;100,416;104,436;89,886;84,886;96,306;102,156;98,579;103,418;115,973;162,361;206,573;180,308;186,648;216,376;248,955
AMSTERDAM/SCHIPHOL airport - PALMA DE MALLORCA airport;57,509;65,054;62,527;64,279;43,789;40,597;:;77,804;80,934;63,299;54,646;69,152;47,039;50,034;56,077;57,453;94,874;109,920;108,128;105,880;131,028;138,347
AMSTERDAM/SCHIPHOL airport - PALMA/SON SAN JUAN (MIL) airport;:;:;:;:;:;:;78,221;:;:;:;:;:;:;:;:;:;:;:;:;:;:;:
AMSTERDAM/SCHIPHOL airport - VALENCIA airport;:;:;:;:;:;:;33,952;40,904;42,407;43,399;41,869;41,387;42,138;42,160;43,886;46,993;65,837;74,821;97,202;96,792;106,514;131,243
AMSTERDAM/SCHIPHOL airport - SEVILLA airport;:;:;:;:;:;:;:;:;:;:;:;:;:;:;31,414;34,343;42,358;37,580;38,651;43,309;42,009;43,871
AMSTERDAM/SCHIPHOL airport - HELSINKI-MALMI airport;:;:;:;:;:;:;:;:;:;:;:;:;:;:;:;:;:;:;:;:;:;:
AMSTERDAM/SCHIPHOL airport - HELSINKI/VANTAA airport;81,926;81,082;91,315;86,022;100,823;108,465;116,492;116,639;109,688;113,574;105,655;140,369;126,732;130,688;137,500;138,943;151,687;175,532;189,564;191,931;151,712;152,365
AMSTERDAM/SCHIPHOL airport - BORDEAUX-MERIGNAC airport;:;:;:;:;:;:;:;22,631;26,689;27,844;29,130;32,008;32,812;41,897;68,614;87,027;89,931;89,699;92,088;88,478;51,032;54,258
AMSTERDAM/SCHIPHOL airport - TOULOUSE/BLAGNAC airport;32,363;35,323;34,167;34,553;42,843;42,410;43,453;45,723;45,543;41,091;37,627;46,515;50,546;57,448;60,548;70,187;80,054;79,581;76,821;75,368;58,801;69,713
AMSTERDAM/SCHIPHOL airport - LYON SAINT-EXUPERY airport;44,444;40,693;39,109;39,897;52,273;54,356;50,157;47,514;52,086;44,886;39,123;44,991;51,032;58,377;59,944;66,496;96,468;99,701;94,736;85,482;74,530;66,192
AMSTERDAM/SCHIPHOL airport - MARSEILLE-PROVENCE airport;:;:;:;24,080;19,673;29,299;30,522;34,247;46,651;45,813;43,721;50,067;57,170;65,639;67,791;70,395;86,066;93,516;92,069;82,158;39,059;62,319
AMSTERDAM/SCHIPHOL airport - NICE-COTE D'AZUR airport;77,225;113,372;123,331;111,812;119,714;110,319;96,781;97,500;96,982;88,754;79,321;93,294;97,714;110,591;110,273;118,156;130,337;146,975;130,569;143,312;119,712;145,768
AMSTERDAM/SCHIPHOL airport - MONTPELLIER MEDITERRANEE airport;:;:;:;:;:;:;:;:;:;:;:;:;:;:;:;:;:;:;:;25,169;:;:
AMSTERDAM/SCHIPHOL airport - PARIS-CHARLES DE GAULLE airport;273,261;288,060;267,670;228,429;262,767;278,110;278,135;298,950;293,634;264,716;239,876;268,467;290,972;294,400;301,639;287,614;304,782;333,232;314,213;320,373;297,553;281,670
AMSTERDAM/SCHIPHOL airport - PARIS-ORLY airport;:;:;:;:;:;:;:;:;:;:;:;:;:;:;:;:;43,260;47,142;50,477;50,736;:;:
AMSTERDAM/SCHIPHOL airport - NANTES ATLANTIQUE airport;:;:;:;:;:;:;:;:;:;:;:;:;20,767;21,624;22,818;28,520;32,738;42,224;51,990;52,148;40,869;51,235
AMSTERDAM/SCHIPHOL airport - BALE-MULHOUSE airport;:;:;:;:;:;:;36,913;35,474;47,382;46,176;47,524;54,132;68,571;77,000;85,146;:;:;:;:;:;:;:
AMSTERDAM/SCHIPHOL airport - STRASBOURG-ENTZHEIM airport;:;:;:;:;:;:;:;:;:;:;:;:;:;:;:;:;21,179;22,021;21,075;26,446;:;:
AMSTERDAM/SCHIPHOL airport - ACCRA/KOTOKA INTERNATIONAL airport;21,317;29,388;31,320;28,904;33,680;42,737;46,156;38,723;43,720;48,641;48,563;48,819;44,968;45,003;43,739;51,190;52,484;52,261;59,739;61,909;61,740;57,096
AMSTERDAM/SCHIPHOL airport - HONG KONG/INTERNATIONAL airport;54,508;65,371;71,264;23,140;70,178;82,713;91,642;89,656;89,660;103,458;100,889;100,961;98,739;92,235;89,917;102,232;101,408;104,436;107,003;109,424;70,528;73,187
AMSTERDAM/SCHIPHOL airport - SPLIT/KASTELA airport;:;:;:;:;:;:;:;:;:;:;:;:;:;:;:;:;:;:;22,750;23,288;48,735;58,638
AMSTERDAM/SCHIPHOL airport - ZAGREB/FRANJO TUDJMAN airport;:;:;:;:;:;:;:;19,972;21,659;:;:;:;21,782;:;26,198;38,138;46,594;45,574;40,630;41,132;50,546;58,745
AMSTERDAM/SCHIPHOL airport - BUDAPEST/LISZT FERENC INTERNATIONAL airport;74,742;77,317;87,083;80,672;88,503;91,918;108,545;104,667;79,849;70,613;68,893;108,067;96,381;93,239;103,830;89,146;109,946;127,368;125,975;125,745;107,181;122,445
AMSTERDAM/SCHIPHOL airport - BALI INTL/NGURAH RAI airport;:;:;:;:;:;:;:;:;:;:;:;18,876;23,546;27,335;28,043;29,344;31,769;37,715;35,231;36,079;28,290;36,537
AMSTERDAM/SCHIPHOL airport - JAKARTA INTL/SOEKARNO-HATTA airport;30,727;30,036;36,635;34,798;38,698;22,091;18,965;:;:;:;20,290;37,129;32,598;34,740;45,363;44,348;47,686;55,978;57,381;50,901;:;:
AMSTERDAM/SCHIPHOL airport - JAKARTA CITY airport;:;:;:;:;:;:;:;:;:;:;:;:;:;:;:;:;:;:;:;:;:;:
AMSTERDAM/SCHIPHOL airport - CORK airport;:;19,760;26,171;25,232;25,463;31,544;34,766;40,115;39,885;38,108;35,355;44,305;45,399;47,216;45,143;47,592;48,215;44,884;38,603;38,073;54,129;61,883
AMSTERDAM/SCHIPHOL airport - DUBLIN airport;96,254;103,247;100,417;105,013;117,313;119,693;135,943;131,534;128,747;119,217;107,731;119,198;123,973;132,771;135,105;141,207;232,398;265,447;309,858;310,354;309,518;330,616
AMSTERDAM/SCHIPHOL airport - TEL-AVIV/BEN GURION airport;112,352;90,076;63,123;51,385;55,242;67,366;65,171;69,531;74,874;68,664;60,979;96,011;77,245;86,050;100,201;96,623;122,647;140,911;147,736;151,282;147,597;89,944
AMSTERDAM/SCHIPHOL airport - MUMBAI airport;43,203;53,712;51,125;44,810;43,104;35,503;39,350;37,870;37,300;35,442;32,974;32,486;33,614;37,714;33,665;:;43,243;52,720;73,962;28,236;41,999;41,508
AMSTERDAM/SCHIPHOL airport - DELHI (IGI) airport;43,108;52,894;41,356;45,535;46,218;44,722;46,310;46,546;49,997;48,219;43,230;44,662;47,090;40,082;38,976;38,954;66,804;77,982;80,251;56,067;57,624;75,782
AMSTERDAM/SCHIPHOL airport - BANGALORE INTERNATIONAL airport, DEVENAHALLI, BANGALORE airport;:;:;:;:;:;:;:;:;:;:;:;:;:;:;:;:;:;:;41,508;:;35,185;:
AMSTERDAM/SCHIPHOL airport - HYDERABAD airport;:;:;:;:;:;:;22,477;28,387;35,886;:;:;:;:;:;:;:;:;:;:;:;:;:
AMSTERDAM/SCHIPHOL airport - TEHRAN/IMAM KHOMAINI INTL airport;:;:;:;:;:;:;:;:;42,433;46,741;48,828;46,593;37,647;:;:;:;:;37,411;30,663;:;:;:
AMSTERDAM/SCHIPHOL airport - TEHRAN/MEHRABAD INTL airport;31,504;34,138;38,140;37,541;43,890;36,219;38,232;42,751;:;:;:;:;:;:;:;:;:;:;:;:;:;:
AMSTERDAM/SCHIPHOL airport - KEFLAVIK airport;21,861;23,572;:;:;:;:;22,584;25,574;23,752;24,212;22,123;28,697;35,385;37,448;42,795;49,367;80,479;119,268;129,506;69,216;78,076;98,704
AMSTERDAM/SCHIPHOL airport - BARI/PALESE airport;:;:;:;:;:;:;:;:;:;:;:;:;:;:;:;:;:;22,922;27,160;28,807;27,041;:
AMSTERDAM/SCHIPHOL airport - CATANIA/FONTANAROSSA airport;:;:;:;:;:;:;:;:;:;:;:;:;:;:;:;:;35,457;46,244;51,789;54,004;40,190;:
AMSTERDAM/SCHIPHOL airport - OLBIA/COSTA SMERALDA airport;:;:;:;:;:;:;:;:;:;:;:;:;:;:;:;:;:;:;25,105;25,869;:;:
AMSTERDAM/SCHIPHOL airport - MILANO/MALPENSA airport;113,905;122,517;120,631;100,729;114,749;128,520;152,317;195,123;172,517;148,041;143,639;146,718;95,533;101,695;101,690;105,391;128,389;218,789;226,256;228,357;149,240;161,793
AMSTERDAM/SCHIPHOL airport - BERGAMO/ORIO AL SERIO airport;:;:;:;39,197;40,928;38,898;41,126;35,207;30,950;:;:;:;:;:;:;:;:;:;:;:;:;:
AMSTERDAM/SCHIPHOL airport - TORINO/CASELLE airport;19,187;21,065;23,779;19,506;:;:;:;:;:;:;:;:;:;:;23,301;38,995;42,432;30,011;29,964;30,965;24,414;:
AMSTERDAM/SCHIPHOL airport - GENOVA/SESTRI airport;:;:;:;:;:;:;:;:;:;:;:;:;:;:;:;:;:;:;:;17,579;:;:
AMSTERDAM/SCHIPHOL airport - MILANO/LINATE airport;37,308;35,936;47,795;23,413;45,371;41,799;30,951;29,352;36,963;37,165;42,932;95,783;135,212;148,040;149,082;167,532;171,508;104,387;101,992;98,878;136,378;155,597
AMSTERDAM/SCHIPHOL airport - BOLOGNA/BORGO PANIGALE airport;37,718;33,614;34,979;31,731;14,586;40,541;43,313;45,131;45,933;43,154;33,627;44,219;44,917;44,504;47,753;49,249;53,009;56,156;63,726;63,241;54,824;66,401
AMSTERDAM/SCHIPHOL airport - VERONA/VILLAFRANCA airport;:;:;:;:;:;:;:;:;:;:;:;:;:;:;:;:;:;:;:;35,407;23,055;:
AMSTERDAM/SCHIPHOL airport - VENEZIA/TESSERA airport;44,600;38,193;38,794;46,327;61,215;60,935;63,169;64,388;60,965;64,286;57,748;75,436;78,832;88,971;119,594;140,839;146,790;123,102;116,336;118,067;114,400;127,107
AMSTERDAM/SCHIPHOL airport - ROMA/FIUMICINO airport;147,295;138,504;130,920;149,565;165,265;187,519;188,180;184,459;189,763;189,477;212,497;255,887;255,393;269,162;272,006;307,212;298,661;297,554;285,226;283,301;184,160;200,712
AMSTERDAM/SCHIPHOL airport - NAPOLI/CAPODICHINO airport;:;:;:;:;:;:;:;:;:;:;:;:;22,595;29,509;32,731;35,339;67,650;66,690;66,248;73,558;72,848;80,705
AMSTERDAM/SCHIPHOL airport - PISA/S. GIUSTO airport;:;:;:;:;:;:;:;:;:;:;:;:;22,527;27,184;28,567;37,743;38,928;37,585;28,413;38,219;43,647;:
AMSTERDAM/SCHIPHOL airport - FIRENZE/PERETOLA airport;:;22,080;:;:;:;:;:;22,753;28,502;24,495;22,959;36,558;36,391;39,647;45,765;61,267;67,244;81,273;83,901;83,073;74,013;103,099
AMSTERDAM/SCHIPHOL airport - AMMAN/QUEEN ALIA airport;:;:;24,481;15,074;23,999;26,264;:;:;:;:;:;:;:;:;:;:;:;:;:;:;24,619;:
AMSTERDAM/SCHIPHOL airport - NARITA INTL airport;104,407;101,534;109,199;75,799;102,511;101,367;102,381;90,179;93,106;76,926;84,179;46,146;66,944;76,674;66,357;56,025;58,517;69,081;70,384;92,634;31,841;48,315
AMSTERDAM/SCHIPHOL airport - KANSAI INTL airport;57,670;50,455;52,488;37,158;51,929;50,137;55,359;49,863;50,793;40,789;46,893;45,647;49,195;55,500;57,459;50,012;45,426;47,794;50,866;54,326;:;:
AMSTERDAM/SCHIPHOL airport - SAPPORO/NEW CHITOSE airport;:;:;:;:;:;:;:;:;:;:;:;:;:;:;:;:;:;:;:;:;:;:
AMSTERDAM/SCHIPHOL airport - FUKUOKA airport;:;:;:;:;:;:;:;:;:;:;:;:;:;:;24,360;:;:;:;:;:;:;:
AMSTERDAM/SCHIPHOL airport - NAIROBI/JOMO KENYATTA INTL. TWR/APP/NOF/MET/CIVIL AIRLINES airport;:;:;:;:;:;:;84,624;80,161;61,924;88,563;90,720;90,084;91,195;92,182;102,070;104,546;99,021;101,040;102,907;104,068;75,849;80,790
AMSTERDAM/SCHIPHOL airport - NAIROBI ACC,FIC,RCC,COM airport;57,614;70,272;66,331;62,190;64,597;75,238;:;:;:;:;:;:;:;:;:;:;:;:;:;:;:;:
AMSTERDAM/SCHIPHOL airport - Unknown airport - SOUTH KOREA;:;29,411;34,287;31,329;:;:;:;:;:;:;:;:;:;:;:;:;:;:;:;:;:;:
AMSTERDAM/SCHIPHOL airport - INCHEON INTL airport;:;:;:;:;39,440;52,863;58,574;57,393;56,175;29,672;39,163;46,083;55,817;56,193;60,457;62,367;60,770;75,932;74,152;74,336;62,819;79,738
AMSTERDAM/SCHIPHOL airport - GIMPO airport;33,522;:;:;:;:;:;:;:;:;:;:;:;:;:;:;:;:;:;:;:;:;:
AMSTERDAM/SCHIPHOL airport - KUWAIT/INTL airport;:;:;:;:;31,316;20,542;23,447;19,923;:;:;:;21,936;:;:;:;:;:;25,193;21,929;23,442;:;:
AMSTERDAM/SCHIPHOL airport - KUWAIT/INTL airport;:;:;:;:;:;:;:;:;:;:;:;:;:;:;:;:;:;:;:;:;23,161;:
AMSTERDAM/SCHIPHOL airport - ALMATY airport;:;:;:;:;:;20,785;20,386;24,849;26,524;:;:;21,672;20,251;24,534;21,924;:;:;:;:;:;:;:
AMSTERDAM/SCHIPHOL airport - BEIRUT/BEIRUT INTL airport;:;:;21,714;:;:;:;:;:;:;:;:;:;:;:;:;:;:;:;:;:;:;:
AMSTERDAM/SCHIPHOL airport - KATUNAYAKE/BANDARANAIKE INTERNATIONAL airport COLOMBO airport;:;:;:;:;:;:;:;:;:;:;:;:;:;:;:;:;:;:;:;:;:;:
AMSTERDAM/SCHIPHOL airport - VILNIUS INTL airport;:;:;:;:;24,868;24,273;:;:;24,140;:;:;:;:;:;:;:;:;:;:;:;22,233;:
AMSTERDAM/SCHIPHOL airport - LUXEMBOURG airport;20,619;:;:;:;:;:;:;20,200;:;:;22,605;28,444;28,668;34,110;36,505;42,397;45,618;46,018;46,198;49,248;41,810;45,743
AMSTERDAM/SCHIPHOL airport - RIGA airport;:;:;:;:;:;26,200;26,405;28,892;26,290;40,211;:;29,043;26,585;29,501;34,312;31,951;34,579;37,617;38,865;40,820;46,777;51,895
AMSTERDAM/SCHIPHOL airport - CASABLANCA/MOHAMMED V airport;30,464;31,059;30,137;24,945;22,958;:;20,531;21,485;24,059;24,348;34,614;33,110;21,201;29,792;30,716;32,548;30,754;30,300;30,523;31,278;31,707;35,252
AMSTERDAM/SCHIPHOL airport - NADOR/EL AROUI airport;:;:;:;:;:;:;:;:;:;:;:;21,288;25,079;27,012;23,454;16,493;20,516;17,962;17,736;:;:;:
AMSTERDAM/SCHIPHOL airport - MARRAKECH/MENARA airport;:;:;:;:;:;:;:;:;:;:;:;:;:;23,584;25,150;24,118;21,982;23,612;26,588;37,868;33,215;42,502
AMSTERDAM/SCHIPHOL airport - TANGER/IBN BATOUTA airport;:;:;:;:;:;:;:;:;:;:;:;:;19,266;20,042;18,818;12,882;12,470;17,439;16,545;15,609;19,031;:
AMSTERDAM/SCHIPHOL airport - LUQA airport;34,237;33,362;30,017;30,103;27,866;23,559;:;:;25,965;:;:;:;:;:;26,371;30,404;32,135;36,566;33,748;30,036;33,813;:
AMSTERDAM/SCHIPHOL airport - MEXICO airport;30,789;39,640;42,625;42,640;43,235;44,241;44,792;44,720;45,742;39,118;43,631;46,571;46,704;46,004;45,580;47,099;60,693;81,792;84,195;88,209;84,251;89,173
AMSTERDAM/SCHIPHOL airport - CANCUN airport;:;:;:;17,980;24,747;25,140;26,005;25,820;28,512;17,573;29,162;29,823;:;:;:;:;:;:;:;:;17,594;:
AMSTERDAM/SCHIPHOL airport - SEPANG/KL INTERNATIONAL airport;52,230;66,776;53,286;56,466;67,058;76,926;87,673;89,962;92,484;83,697;94,473;97,610;93,872;94,640;90,496;87,059;44,510;60,125;44,441;46,184;18,452;:
AMSTERDAM/SCHIPHOL airport - LAGOS/MURTALA MUHAMMED airport;28,628;36,402;42,051;42,518;43,808;45,724;40,545;42,287;45,151;39,786;40,841;43,919;39,963;40,925;43,286;47,285;48,145;45,030;44,912;45,966;45,613;34,404
AMSTERDAM/SCHIPHOL airport - MAASTRICHT/AACHEN airport;25,749;22,537;:;:;:;:;:;:;:;:;:;:;:;:;:;:;:;:;:;:;:;:
AMSTERDAM/SCHIPHOL airport - EINDHOVEN airport;21,355;:;:;:;:;:;:;:;:;:;:;:;:;:;:;:;:;:;:;:;:;:
AMSTERDAM/SCHIPHOL airport - ALESUND/VIGRA airport;:;:;:;:;:;:;:;:;:;:;:;:;:;:;24,067;25,700;25,269;27,329;25,325;29,676;:;:
AMSTERDAM/SCHIPHOL airport - BERGEN/FLESLAND airport;45,167;42,519;47,180;43,791;47,932;54,434;58,497;64,721;66,843;77,050;58,522;64,586;73,171;69,127;76,349;83,415;81,230;90,759;91,927;96,843;87,399;94,761
AMSTERDAM/SCHIPHOL airport - LUFTFARTSTILSYNET CIVIL AVIATION AUTHORITY airport;106,877;109,761;122,839;116,846;126,601;137,638;:;:;:;:;:;:;:;:;:;:;:;:;:;:;:;:
AMSTERDAM/SCHIPHOL airport - KRISTIANSAND/KJEVIK airport;:;:;:;:;:;:;:;22,912;26,013;25,078;19,726;30,648;35,295;35,607;35,439;36,971;36,221;37,780;36,341;39,685;32,638;:
AMSTERDAM/SCHIPHOL airport - STATFJORD B airport;:;:;:;:;:;:;:;:;:;:;:;:;:;:;:;:;:;:;:;:;:;:
AMSTERDAM/SCHIPHOL airport - OSLO/GARDERMOEN airport;:;:;:;:;:;:;156,531;159,946;163,872;149,968;132,681;164,437;162,085;164,535;168,497;169,901;181,220;186,425;185,339;190,078;177,187;185,039
AMSTERDAM/SCHIPHOL airport - SANDEFJORD/TORP airport;18,643;23,883;26,072;24,898;25,646;21,389;21,839;21,079;21,385;19,951;20,671;22,805;30,315;30,258;27,267;29,898;29,169;29,013;28,102;29,323;26,882;:
AMSTERDAM/SCHIPHOL airport - TRONDHEIM/ST. OLAVS HOSPITAL airport;:;:;:;:;20,844;22,950;:;:;:;:;:;:;:;:;:;:;:;:;:;:;:;:
AMSTERDAM/SCHIPHOL airport - TRONDHEIM/VAERNES airport;:;:;:;:;:;:;21,998;25,305;24,128;25,141;26,931;38,628;42,566;44,612;42,625;44,560;44,431;45,086;39,539;42,148;40,708;46,970
AMSTERDAM/SCHIPHOL airport - STAVANGER/SOLA airport;44,475;42,044;43,202;40,417;43,401;45,087;57,157;68,027;73,343;73,584;64,423;77,091;80,938;80,015;73,672;69,147;67,012;67,818;69,935;75,430;63,507;71,577
AMSTERDAM/SCHIPHOL airport - MUSCAT/MUSCAT INTL airport;:;:;:;:;:;:;:;:;:;:;:;:;:;:;:;:;:;:;:;:;:;:
AMSTERDAM/SCHIPHOL airport - PANAMA/TOCUMEN airport;:;:;:;:;:;:;:;:;:;28,253;29,571;37,857;48,339;57,680;58,920;57,582;57,724;62,455;59,916;59,899;65,834;56,756
AMSTERDAM/SCHIPHOL airport - LIMA-CALLAO/INTL JORGE CHAVEZ airport;26,340;31,570;30,469;36,708;30,200;36,201;40,488;47,318;54,867;49,983;45,434;56,087;53,655;58,628;63,914;62,943;:;:;:;:;:;:
AMSTERDAM/SCHIPHOL airport - LIMA-CALLAO/INTL. JORGE CHAVEZ airport;:;:;:;:;:;:;:;:;:;:;:;:;:;:;:;:;71,020;69,423;70,171;69,408;57,621;53,643
AMSTERDAM/SCHIPHOL airport - MANILA/NINOY AQUINO INTL airport;:;:;:;:;:;:;55,156;55,151;63,417;63,625;59,867;62,648;38,606;38,956;41,830;39,502;42,870;36,412;33,903;34,147;:;:
AMSTERDAM/SCHIPHOL airport - MALABANG, LANAO DEL SUR airport;:;:;21,632;22,688;19,343;49,833;:;:;:;:;:;:;:;:;:;:;:;:;:;:;:;:
AMSTERDAM/SCHIPHOL airport - GDANSK IM LECHA WALESY airport;:;:;:;:;:;:;:;:;:;:;:;:;:;:;:;:;:;:;30,114;41,755;40,824;56,375
AMSTERDAM/SCHIPHOL airport - KRAKOW/BALICE airport;:;:;:;:;:;:;:;:;:;:;:;:;:;:;:;:;32,886;34,794;45,250;52,743;48,210;73,587
AMSTERDAM/SCHIPHOL airport - WARSZAWA/CHOPINA airport;55,180;56,843;62,271;61,244;74,214;78,225;80,123;83,828;91,179;74,256;70,196;88,970;92,085;95,212;101,493;103,635;118,800;126,663;136,430;144,965;153,203;155,966
AMSTERDAM/SCHIPHOL airport - FARO airport;110,206;113,392;104,612;107,050;95,042;87,429;81,503;78,217;82,861;62,826;56,972;59,734;67,725;69,167;65,815;69,464;105,541;97,430;79,111;70,095;74,867;80,749
AMSTERDAM/SCHIPHOL airport - MADEIRA airport;:;:;:;:;:;:;:;:;:;:;:;:;:;:;:;:;27,684;26,222;26,403;26,370;30,383;:
AMSTERDAM/SCHIPHOL airport - PORTO airport;25,282;:;:;:;:;:;23,850;:;:;:;:;:;:;28,565;37,697;39,260;52,714;67,911;106,732;109,745;96,887;107,852
AMSTERDAM/SCHIPHOL airport - LISBOA airport;80,091;91,016;106,909;110,745;119,220;113,246;117,898;113,871;121,223;116,389;103,154;131,557;161,498;185,802;180,860;179,349;206,049;224,989;241,742;254,143;267,631;281,199
AMSTERDAM/SCHIPHOL airport - DOHA INTERNATIONAL airport;:;:;:;:;:;:;:;:;:;:;:;:;:;:;:;:;:;:;:;:;:;:
AMSTERDAM/SCHIPHOL airport - HAMAD INTERNATIONAL airport;:;:;:;:;:;:;:;:;:;:;:;:;:;:;:;20,653;71,740;54,696;51,731;55,833;63,137;76,135
AMSTERDAM/SCHIPHOL airport - BUCURESTI/HENRI COANDA airport;45,911;47,641;55,147;53,646;56,881;71,923;73,536;79,945;80,095;68,090;76,953;87,474;93,666;103,481;113,554;113,648;121,954;120,734;134,315;134,574;112,962;124,576
AMSTERDAM/SCHIPHOL airport - BEOGRAD/NIKOLA TESLA airport;:;:;:;:;:;:;:;:;:;:;:;:;:;:;:;29,077;32,852;40,361;54,532;51,085;50,702;58,914
AMSTERDAM/SCHIPHOL airport - SANKT-PETERBURG/PULKOVO airport;20,680;24,259;:;:;:;:;:;:;21,415;:;31,953;35,398;39,196;29,008;29,444;22,987;27,816;51,998;52,587;48,615;:;:
AMSTERDAM/SCHIPHOL airport - MOSCOW/SHEREMETYEVO airport;39,460;41,651;42,211;41,766;44,568;42,277;45,320;57,237;68,442;67,582;79,392;86,316;95,187;99,936;120,871;129,962;129,079;139,434;145,898;156,174;:;:
AMSTERDAM/SCHIPHOL airport - KIGALI INTERNATIONAL airport;:;:;:;:;:;:;:;:;:;:;:;:;:;:;:;:;:;:;:;:;:;:
AMSTERDAM/SCHIPHOL airport - DAMMAM/KING FAHD INTERNATIONAL airport;:;:;:;:;:;:;:;:;:;:;:;:;:;:;:;:;:;:;:;:;:;:
AMSTERDAM/SCHIPHOL airport - JEDDAH/KING ABDULAZIZ INTERNATIONAL airport;:;:;:;:;:;:;:;:;:;:;:;:;:;:;:;:;:;:;:;:;20,360;:
AMSTERDAM/SCHIPHOL airport - RIYADH/KING KHALED INTERNATIONAL airport;:;:;:;:;:;:;:;:;:;:;:;:;:;:;:;:;:;:;:;:;:;:
AMSTERDAM/SCHIPHOL airport - GOTEBORG/LANDVETTER airport;73,033;75,741;75,277;66,929;77,189;80,177;88,875;84,698;80,075;70,143;64,399;75,112;72,162;72,012;68,389;77,520;84,119;98,866;98,184;100,070;85,024;85,604
AMSTERDAM/SCHIPHOL airport - MALMO airport;34,482;:;:;:;:;:;:;:;:;:;:;:;:;:;:;:;:;:;:;:;:;:
AMSTERDAM/SCHIPHOL airport - STOCKHOLM/ARLANDA airport;134,148;140,303;139,335;132,740;131,434;142,847;158,580;167,187;170,233;139,199;131,739;156,887;172,825;182,234;187,502;199,924;207,890;244,063;235,999;235,260;213,124;241,410
AMSTERDAM/SCHIPHOL airport - LINKOPING/SAAB airport;:;:;:;:;:;:;:;:;:;:;19,359;23,055;27,508;29,998;33,479;36,182;37,997;39,718;38,480;39,092;33,004;:
AMSTERDAM/SCHIPHOL airport - SINGAPORE/CHANGI airport;65,774;66,804;70,087;40,713;54,063;78,741;89,983;93,477;97,690;84,982;79,973;83,496;87,594;81,282;79,659;78,166;77,175;76,225;79,518;78,677;79,714;70,762
AMSTERDAM/SCHIPHOL airport - LJUBLJANA/BRNIK airport;:;:;:;:;:;:;:;:;:;:;:;:;:;:;:;:;:;21,990;27,316;28,737;:;:
AMSTERDAM/SCHIPHOL airport - JOHAN ADOLF PENGEL airport;30,231;34,340;41,045;49,814;48,527;59,417;53,060;60,032;68,099;59,126;60,450;65,530;61,895;59,939;59,593;61,302;54,914;60,979;62,578;63,271;69,830;65,817
AMSTERDAM/SCHIPHOL airport - DAMASCUS/INTL airport;:;:;25,982;:;19,097;:;:;:;:;:;:;:;:;:;:;:;:;:;:;:;:;:
AMSTERDAM/SCHIPHOL airport - BANGKOK/DON MUEANG INTL airport;67,919;81,209;81,167;61,902;83,777;89,494;90,200;85,551;88,733;:;:;:;:;:;:;:;:;:;:;:;:;:
AMSTERDAM/SCHIPHOL airport - BANGKOK/SUVARNABHUMI INTL airport;:;:;:;:;:;:;:;:;:;74,549;72,820;74,096;91,794;99,317;104,184;103,050;105,677;85,584;83,404;83,073;78,323;80,709
AMSTERDAM/SCHIPHOL airport - MONASTIR/HABIB BOURGUIBA airport;23,288;24,676;:;:;:;20,472;29,910;34,055;33,732;30,574;:;:;:;:;:;:;:;:;:;:;:;:
AMSTERDAM/SCHIPHOL airport - ENFIDHA ZINE EL ABIDINE BEN ALI airport;:;:;:;:;:;:;:;:;:;:;:;:;19,116;26,002;22,793;:;:;:;:;:;:;:
AMSTERDAM/SCHIPHOL airport - ANKARA/ESENBOGA airport;21,903;16,280;16,356;17,387;15,821;19,311;15,329;:;:;:;:;:;:;:;:;:;:;:;:;:;:;:
AMSTERDAM/SCHIPHOL airport - ANTALYA (MIL-CIV) airport;84,187;149,016;185,997;150,920;220,264;256,438;177,029;191,659;199,989;180,698;187,828;235,873;218,188;248,854;245,229;200,206;139,035;87,884;119,059;147,081;97,799;100,173
AMSTERDAM/SCHIPHOL airport - ISTANBUL/ATATURK airport;88,050;100,581;100,868;89,365;119,621;129,565;121,207;130,646;156,476;144,067;121,102;140,103;166,669;162,473;167,264;199,182;202,830;217,681;:;12,424;:;:
AMSTERDAM/SCHIPHOL airport - IZMIR/ADNAN MENDERES airport;21,108;35,072;37,881;28,030;42,519;51,691;28,048;33,324;32,912;35,234;41,817;45,243;44,893;43,369;51,510;45,343;35,063;27,880;33,605;35,043;40,805;35,368
AMSTERDAM/SCHIPHOL airport - MUGLA/DALAMAN airport;33,194;68,248;86,879;63,902;80,608;78,540;48,374;46,470;40,158;35,000;32,700;39,348;47,317;49,148;49,248;45,434;27,066;:;28,721;30,752;:;:
AMSTERDAM/SCHIPHOL airport - MUGLA/MILAS-BODRUM airport;18,886;46,309;77,270;69,505;90,684;89,280;56,908;59,438;55,616;42,096;48,021;61,093;72,680;82,969;70,824;64,628;46,225;26,594;36,088;34,203;:;:
AMSTERDAM/SCHIPHOL airport - GAZIPASA-ALANYA airport;:;:;:;:;:;:;:;:;:;:;:;:;:;:;32,795;33,907;:;:;:;:;:;:
AMSTERDAM/SCHIPHOL airport - ISTANBUL/SABIHA GOKCEN airport;:;:;:;:;:;:;:;:;19,285;21,701;57,451;57,120;59,015;87,993;101,084;78,958;98,918;100,199;106,242;102,341;140,122;135,298
AMSTERDAM/SCHIPHOL airport - ISTANBUL/ISTANBUL HAVALIMANI airport;:;:;:;:;:;:;:;:;:;:;:;:;:;:;:;:;:;:;218,445;218,451;205,974;231,145
AMSTERDAM/SCHIPHOL airport - TAIBEI CITY/TAIBEI INTL AP airport;46,176;42,568;40,945;19,241;35,829;38,720;33,219;34,015;33,344;26,143;31,353;40,870;37,498;37,699;36,560;42,827;40,847;62,371;63,367;65,255;35,625;45,229
AMSTERDAM/SCHIPHOL airport - DAR ES SALAAM/JULIUS NYERERE airport;:;:;:;:;:;:;:;:;15,381;16,238;17,232;16,686;17,813;17,005;16,574;19,902;:;15,781;16,038;14,147;:;:
AMSTERDAM/SCHIPHOL airport - KILIMANJARO APP, TWR, AIS, MET, CIVIL AIRLINES airport;:;:;:;:;:;14,884;16,397;18,226;20,407;16,542;19,479;21,008;20,373;19,381;19,108;18,192;19,330;20,600;22,760;21,167;18,921;:
AMSTERDAM/SCHIPHOL airport - ZANZIBAR - KISAUNI airport;:;:;:;:;:;:;:;:;:;:;:;:;:;:;:;:;:;:;:;:;:;:
AMSTERDAM/SCHIPHOL airport - KYIV/BORYSPIL airport;:;21,451;32,683;33,073;41,159;44,049;46,562;59,243;62,112;39,792;37,375;44,183;69,721;79,008;59,111;78,669;93,564;99,580;60,320;60,339;:;:
AMSTERDAM/SCHIPHOL airport - ENTEBBE (INTL) airport;:;:;:;:;:;:;:;:;21,747;21,645;23,568;21,170;23,088;27,225;24,836;28,979;26,683;29,798;30,446;29,381;25,376;:
AMSTERDAM/SCHIPHOL airport - BELFAST/ALDERGROVE airport;:;21,325;41,017;23,331;21,511;22,458;22,427;22,993;32,160;22,046;21,440;25,414;29,578;24,359;25,926;26,704;33,442;35,847;38,256;37,505;:;:
AMSTERDAM/SCHIPHOL airport - BIRMINGHAM airport;108,832;106,713;103,872;109,788;89,439;110,980;127,879;122,004;134,232;105,950;108,948;127,080;119,350;122,181;131,517;147,170;164,803;176,789;177,639;174,858;141,913;153,173
AMSTERDAM/SCHIPHOL airport - COVENTRY airport;:;:;:;:;:;22,168;:;:;:;:;:;:;:;:;:;:;:;:;:;:;:;:
AMSTERDAM/SCHIPHOL airport - MANCHESTER airport;141,441;141,627;129,651;119,599;131,302;157,833;156,547;141,317;111,516;119,171;95,113;164,815;170,620;180,163;185,079;222,029;267,678;268,759;253,312;257,519;230,571;260,619
AMSTERDAM/SCHIPHOL airport - CARDIFF airport;32,613;32,962;34,684;37,700;42,320;44,467;58,513;57,020;50,045;34,140;30,449;31,598;28,629;29,720;31,143;32,724;34,398;35,242;36,693;40,724;26,970;:
AMSTERDAM/SCHIPHOL airport - BRISTOL airport;32,180;32,991;41,598;37,759;82,935;66,279;68,165;75,849;63,594;60,206;53,245;78,220;79,195;85,171;92,086;101,740;104,765;106,163;109,892;116,454;127,792;131,088
AMSTERDAM/SCHIPHOL airport - LIVERPOOL airport;59,684;90,998;102,504;99,710;98,055;74,213;78,916;76,586;68,192;78,430;82,991;93,867;59,881;51,908;49,119;50,143;58,824;52,749;47,320;58,021;25,852;:
AMSTERDAM/SCHIPHOL airport - LONDON LUTON airport;101,426;120,667;122,578;109,959;112,336;99,160;96,248;83,260;76,331;60,850;57,414;78,982;86,032;90,404;97,642;100,075;164,433;200,378;211,086;215,252;148,085;149,061
AMSTERDAM/SCHIPHOL airport - SOUTHAMPTON airport;:;:;:;:;:;:;:;23,406;29,961;28,538;28,424;31,790;24,813;27,088;33,507;34,279;48,672;59,641;61,519;41,789;22,059;:
AMSTERDAM/SCHIPHOL airport - LONDON GATWICK airport;74,113;100,774;164,029;181,180;166,087;155,185;165,232;169,559;153,791;138,080;137,019;171,097;174,771;199,857;227,872;272,214;271,047;275,123;280,583;284,522;233,654;191,909
AMSTERDAM/SCHIPHOL airport - LONDON/CITY airport;41,488;31,449;19,597;29,772;31,802;40,010;51,414;74,314;91,688;82,766;94,401;104,354;100,209;113,669;104,552;125,867;136,867;160,484;160,142;179,460;150,967;148,504
AMSTERDAM/SCHIPHOL airport - LONDON HEATHROW airport;597,463;563,690;517,790;522,574;516,220;494,626;500,404;461,929;462,110;385,213;310,423;351,645;364,815;376,122;386,887;418,625;411,487;433,329;440,500;431,745;345,831;373,105
AMSTERDAM/SCHIPHOL airport - SOUTHEND airport;:;:;:;:;:;:;:;:;:;:;:;:;33,011;39,251;58,892;56,831;53,943;49,472;46,135;49,798;:;:
AMSTERDAM/SCHIPHOL airport - HUMBERSIDE airport;32,746;34,380;34,903;29,591;33,993;33,986;34,368;35,661;38,091;32,097;27,867;31,122;29,657;29,036;29,852;31,095;29,899;30,502;31,462;35,201;21,899;:
AMSTERDAM/SCHIPHOL airport - LEEDS BRADFORD airport;35,630;34,333;43,588;73,804;75,679;73,992;76,430;73,761;66,615;57,566;54,579;66,245;59,322;59,129;62,303;66,107;64,943;62,498;64,804;68,709;35,810;42,397
AMSTERDAM/SCHIPHOL airport - NEWCASTLE airport;58,139;65,313;74,026;66,441;66,475;66,901;87,405;90,672;77,885;65,534;58,447;65,730;70,569;93,044;94,179;101,300;97,056;99,099;85,548;91,682;73,195;86,511
AMSTERDAM/SCHIPHOL airport - DURHAM TEES VALLEY airport;21,603;21,083;22,145;32,595;33,540;32,915;32,623;31,846;31,679;26,706;25,368;27,307;25,948;25,011;25,492;26,416;26,704;24,742;28,352;32,646;25,346;:
AMSTERDAM/SCHIPHOL airport - EAST MIDLANDS airport;31,737;27,301;28,451;31,056;33,754;30,596;32,294;33,347;36,131;26,635;24,875;29,351;:;:;:;:;:;:;:;:;:;:
AMSTERDAM/SCHIPHOL airport - ABERDEEN/DYCE airport;45,805;46,586;46,532;51,700;57,921;61,591;73,337;72,704;75,997;65,234;61,883;70,955;71,993;78,297;79,958;81,869;77,389;72,422;74,611;84,680;67,038;77,144
AMSTERDAM/SCHIPHOL airport - INVERNESS airport;:;:;:;:;:;:;:;:;:;:;:;:;:;:;:;:;:;20,726;23,591;26,760;27,538;:
AMSTERDAM/SCHIPHOL airport - GLASGOW airport;59,582;56,669;105,827;81,700;85,171;88,250;82,483;76,603;87,222;73,931;66,246;74,746;97,232;108,472;111,366;119,955;115,535;123,240;108,901;114,599;105,086;117,227
AMSTERDAM/SCHIPHOL airport - EDINBURGH airport;74,541;118,826;118,115;124,355;124,297;109,148;119,435;135,028;125,597;114,886;127,022;153,378;152,281;155,383;158,978;170,647;177,714;187,608;185,237;181,496;150,338;183,301
AMSTERDAM/SCHIPHOL airport - NORWICH airport;25,816;26,192;29,910;29,460;31,254;32,893;33,872;40,221;37,400;30,711;30,722;32,179;31,586;35,090;36,968;37,496;39,461;38,492;38,415;44,687;33,417;:
AMSTERDAM/SCHIPHOL airport - LONDON STANSTED airport;105,577;99,023;88,551;11,747;65,732;68,071;68,330;71,028;68,542;62,056;64,653;93,639;69,401;68,987;70,395;77,378;81,982;83,059;87,463;91,971;51,674;58,392
AMSTERDAM/SCHIPHOL airport - HARTSFIELD - JACKSON ATLANTA INTERNATIONAL, GA. airport;75,222;74,330;43,085;30,345;37,317;66,085;69,267;74,132;78,381;53,475;80,813;115,567;145,089;182,898;161,690;208,576;197,703;204,835;209,747;206,039;212,677;200,433
AMSTERDAM/SCHIPHOL airport - BOSTON/GENERAL EDWARD LAWRENCE LOGAN INTERNATIONAL, MA. airport;47,216;42,075;44,906;39,755;44,664;48,031;48,267;48,112;68,369;64,614;52,613;73,399;74,743;80,269;66,644;72,468;80,583;94,197;82,684;100,413;115,952;122,094
AMSTERDAM/SCHIPHOL airport - COVINGTON-CINCINNATI/NORTHERN KENTUCKY INTERNATIONAL, KY. airport;:;:;:;:;:;29,478;:;:;:;:;:;:;:;:;:;:;:;:;:;:;:;:
AMSTERDAM/SCHIPHOL airport - DALLAS-FORT WORTH INTERNATIONAL, TX. airport;:;:;:;:;:;:;:;:;32,899;23,879;23,594;26,180;:;:;:;:;:;:;:;:;:;:
AMSTERDAM/SCHIPHOL airport - DETROIT METROPOLITAN WAYNE COUNTY, MI. airport;256,903;245,283;195,755;191,288;201,686;219,644;201,586;189,335;212,755;197,820;173,843;161,447;170,143;175,935;180,643;171,057;151,509;158,021;177,767;179,090;133,897;136,419
AMSTERDAM/SCHIPHOL airport - NEWARK LIBERTY INTERNATIONAL, NJ. airport;98,659;80,966;89,720;89,051;103,151;95,124;116,290;100,895;107,236;97,317;80,657;79,153;61,731;63,245;65,157;62,769;71,296;68,827;40,179;40,322;45,512;38,881
AMSTERDAM/SCHIPHOL airport - WASHINGTON DULLES INTERNATIONAL, DC. airport;89,813;85,205;85,592;73,509;78,578;75,461;81,540;81,470;73,651;71,495;73,347;69,491;71,126;73,196;74,679;74,705;75,289;87,879;87,277;88,411;81,622;77,159
AMSTERDAM/SCHIPHOL airport - GEORGE BUSH INTERCONTINENTAL/HOUSTON, TX. airport;47,529;42,710;61,400;69,726;90,511;104,420;88,647;99,885;94,929;87,077;74,182;79,710;79,659;84,856;94,738;85,935;79,943;83,772;90,727;88,430;81,938;79,735
AMSTERDAM/SCHIPHOL airport - NEW YORK/JOHN F. KENNEDY INTERNATIONAL, NY. airport;150,588;138,720;118,942;104,419;110,620;132,457;136,939;132,074;145,480;133,111;137,556;145,914;147,929;161,556;178,136;188,647;192,090;188,599;243,733;281,259;243,905;244,268
AMSTERDAM/SCHIPHOL airport - LAS VEGAS/MCCARRAN INTERNATIONAL, NV. airport;:;:;:;:;:;:;:;:;:;:;:;:;:;:;:;:;:;:;:;:;37,290;:
AMSTERDAM/SCHIPHOL airport - LOS ANGELES INTERNATIONAL, CA. airport;100,170;93,399;49,005;47,647;46,807;48,151;48,303;66,939;46,592;47,714;56,829;60,089;58,696;66,810;67,002;79,369;78,288;95,944;114,579;127,482;94,057;104,052
AMSTERDAM/SCHIPHOL airport - ORLANDO INTERNATIONAL, FL. airport;:;:;:;:;:;:;:;:;:;:;:;:;:;:;:;:;:;:;36,923;33,195;:;:
AMSTERDAM/SCHIPHOL airport - MEMPHIS INTERNATIONAL, TENN. airport;50,089;47,236;44,078;37,830;43,637;45,225;44,976;43,598;45,749;40,231;30,905;32,271;:;:;:;:;:;:;:;:;:;:
AMSTERDAM/SCHIPHOL airport - MIAMI INTERNATIONAL, FL. airport;30,635;53,297;50,970;57,116;41,189;32,446;25,151;24,794;34,798;:;:;26,884;:;:;:;:;:;:;:;:;:;:
AMSTERDAM/SCHIPHOL airport - MINNEAPOLIS-ST. PAUL INTERNATIONAL (WOLD CHAMBERLAIN), MN. airport;137,875;120,725;103,527;96,773;133,527;131,614;142,138;152,006;143,676;134,215;129,459;126,520;121,913;132,335;126,197;134,795;128,292;161,590;158,774;164,262;164,719;160,843
AMSTERDAM/SCHIPHOL airport - CHICAGO - O'HARE INTERNATIONAL, IL. airport;66,168;89,581;67,138;61,426;78,838;77,715;77,854;75,581;76,725;65,593;69,912;74,803;74,646;73,136;73,769;72,933;73,618;73,183;85,249;82,905;89,028;87,933
AMSTERDAM/SCHIPHOL airport - ORLANDO, FLA. airport;25,757;:;:;:;:;24,791;:;:;:;:;22,323;:;:;:;:;:;:;:;:;:;:;:
AMSTERDAM/SCHIPHOL airport - PORTLAND INTERNATIONAL, OR. airport;:;:;:;:;:;:;:;:;30,119;24,070;30,780;37,827;38,886;44,464;43,479;41,978;45,246;46,233;46,016;44,310;43,939;43,546
AMSTERDAM/SCHIPHOL airport - PHILADELPHIA INTERNATIONAL, PA. airport;:;26,943;31,546;27,700;31,875;30,155;30,069;25,592;24,830;25,595;24,379;27,098;27,432;26,776;27,022;26,283;26,473;24,863;28,628;32,932;35,933;:
AMSTERDAM/SCHIPHOL airport - SEATTLE/SEATTLE-TACOMA INTERNATIONAL, WA. airport;47,857;46,271;45,823;36,521;44,998;48,347;43,336;40,147;39,220;47,718;50,856;61,313;58,075;75,836;61,792;63,504;78,957;85,909;84,099;77,153;90,972;89,798
AMSTERDAM/SCHIPHOL airport - SAN FRANCISCO/INTL,CA. airport;64,236;58,968;47,734;36,481;48,881;56,283;49,410;70,714;68,846;69,315;59,819;64,156;69,372;69,630;70,858;68,678;77,698;84,241;90,863;135,277;91,248;91,869
AMSTERDAM/SCHIPHOL airport - SALT LAKE CITY INTERNATIONAL, UT. airport;:;:;:;:;:;:;:;:;:;:;:;:;:;:;:;:;43,752;58,093;56,830;57,467;66,970;69,750
AMSTERDAM/SCHIPHOL airport - MARGARITA, NUEVA ESPARTA airport;:;:;:;:;:;:;:;:;:;:;:;:;:;:;:;:;:;:;:;:;:;:
AMSTERDAM/SCHIPHOL airport - MAIQUETIA, INTL, SIMON BOLIVAR, VARGAS airport;28,781;28,650;24,243;:;:;:;:;:;:;:;:;:;:;:;:;:;:;:;:;:;:;:
AMSTERDAM/SCHIPHOL airport - CAPE TOWN (CAPE TOWN INTERNATIONAL airport) airport;22,909;24,568;28,561;28,975;26,601;30,231;27,749;32,840;35,504;35,397;35,838;38,506;41,097;31,617;39,871;37,924;46,239;51,742;59,359;61,661;63,409;56,008
AMSTERDAM/SCHIPHOL airport - O.R TAMBO INTERNATIONAL airport;35,995;39,478;50,994;49,429;48,612;53,699;51,085;47,784;51,111;47,298;47,707;46,841;47,573;50,258;51,628;:;:;:;:;:;:;:
AMSTERDAM/SCHIPHOL airport - OLIFANTS RIVER BRIDGE airport;:;:;:;:;:;:;:;:;:;:;:;:;:;:;:;50,780;51,137;53,592;56,069;58,840;61,261;56,127
MAASTRICHT/AACHEN airport - BERLIN-BRANDENBURG airport;:;:;:;:;:;26,746;33,100;:;:;:;:;17,709;7,746;:;:;:;:;:;:;:;:;:
MAASTRICHT/AACHEN airport - MUENCHEN airport;5,360;10,002;:;:;:;:;:;:;:;:;:;:;:;:;:;:;:;:;:;:;:;:
MAASTRICHT/AACHEN airport - HURGHADA / INTL airport;:;:;:;:;:;:;:;:;:;:;:;:;:;:;:;:;:;:;:;4,130;:;:
MAASTRICHT/AACHEN airport - IRAKLION/NIKOS KAZANTZAKIS airport;7,157;7,995;7,030;:;:;:;:;:;:;:;:;:;:;:;:;:;:;4,731;6,679;10,536;:;:
MAASTRICHT/AACHEN airport - KOS/IPPOKRATIS airport;:;:;:;:;:;:;:;:;:;:;:;:;:;:;:;:;:;:;6,862;4,398;:;:
MAASTRICHT/AACHEN airport - RODOS/DIAGORAS airport;:;:;:;:;:;:;:;:;:;:;:;:;:;:;:;:;:;:;6,965;7,217;:;:
MAASTRICHT/AACHEN airport - ZAKINTHOS/DIONISIOS SOLOMOS airport;:;:;:;:;:;:;:;:;:;:;:;:;:;:;:;:;:;:;:;:;:;:
MAASTRICHT/AACHEN airport - GRAN CANARIA airport;7,640;7,629;7,436;6,644;4,763;4,247;:;:;:;:;:;:;:;:;:;:;:;:;:;:;:;:
MAASTRICHT/AACHEN airport - TENERIFE SUR/REINA SOFIA airport;4,443;5,749;5,506;:;:;:;:;:;:;:;:;6,912;:;3,969;4,136;:;:;:;:;:;:;:
MAASTRICHT/AACHEN airport - ALICANTE airport;:;:;:;:;:;:;:;:;15,747;15,929;16,015;21,556;12,645;11,971;13,116;13,171;13,732;13,726;13,176;13,980;3,977;:
MAASTRICHT/AACHEN airport - BARCELONA/EL PRAT airport;:;:;:;:;:;:;:;:;:;:;:;:;:;:;:;:;:;:;:;:;3,865;:
MAASTRICHT/AACHEN airport - GIRONA airport;:;:;:;:;:;:;:;3,924;12,195;8,432;7,121;8,824;10,771;11,022;9,996;8,190;8,229;8,695;6,158;9,288;:;:
MAASTRICHT/AACHEN airport - MALAGA/COSTA DEL SOL airport;:;:;:;:;:;:;:;:;:;:;1,539;7,728;7,950;7,375;:;:;:;:;:;:;:;:
MAASTRICHT/AACHEN airport - PALMA DE MALLORCA airport;8,349;6,994;7,773;:;:;:;:;:;:;:;:;:;9,470;9,922;6,640;:;:;:;:;:;:;:
MAASTRICHT/AACHEN airport - REUS airport;:;:;:;:;:;:;:;:;:;:;4,250;9,622;:;:;:;:;:;:;:;:;:;:
MAASTRICHT/AACHEN airport - VALENCIA airport;:;:;:;:;:;:;:;:;10,110;:;:;:;:;:;:;:;:;:;:;:;:;:
MAASTRICHT/AACHEN airport - BUDAPEST/LISZT FERENC INTERNATIONAL airport;:;:;:;:;:;:;:;:;:;:;:;:;:;:;:;3,994;:;:;:;:;:;:
MAASTRICHT/AACHEN airport - DUBLIN airport;:;:;:;:;:;:;:;:;:;:;:;:;:;8,780;:;:;:;:;:;:;:;:
MAASTRICHT/AACHEN airport - BARI/PALESE airport;:;:;:;:;:;:;:;:;:;:;:;:;6,231;6,995;7,392;7,912;8,304;8,785;8,916;8,782;3,397;:
MAASTRICHT/AACHEN airport - TRAPANI/BIRGI airport;:;:;:;:;:;:;:;:;:;:;8,649;10,374;10,021;10,437;9,310;:;:;:;:;:;:;:
MAASTRICHT/AACHEN airport - BERGAMO/ORIO AL SERIO airport;:;:;:;:;:;:;:;:;:;:;:;:;6,419;8,578;:;:;:;:;:;:;:;:
MAASTRICHT/AACHEN airport - TREVISO/S.ANGELO airport;:;:;:;:;:;:;:;:;:;:;:;:;:;6,423;:;:;:;:;:;:;:;:
MAASTRICHT/AACHEN airport - PISA/S. GIUSTO airport;:;:;:;:;:;:;:;:;:;8,256;4,959;6,313;5,505;5,962;:;:;:;:;:;:;:;:
MAASTRICHT/AACHEN airport - LUQA airport;:;:;:;:;:;:;:;:;:;:;:;:;:;:;:;:;:;:;:;8,545;:;:
MAASTRICHT/AACHEN airport - AMSTERDAM/SCHIPHOL airport;27,922;24,125;21,735;16,298;16,820;14,658;10,833;13,597;14,534;:;:;:;:;:;:;:;:;:;:;:;:;:
MAASTRICHT/AACHEN airport - ROTTERDAM airport;:;:;:;:;:;:;:;:;:;:;:;:;:;:;:;:;:;:;:;:;:;:
MAASTRICHT/AACHEN airport - KATOWICE/PYRZOWICE airport;:;:;:;:;:;:;:;:;:;:;:;:;:;:;:;7,627;9,621;8,102;:;:;:;:
MAASTRICHT/AACHEN airport - FARO airport;8,335;:;:;:;:;:;:;:;:;:;7,674;10,931;7,192;6,879;7,381;8,481;:;4,307;:;:;:;:
MAASTRICHT/AACHEN airport - PORTO airport;:;:;:;:;:;:;:;:;:;:;:;8,143;7,967;8,051;8,414;8,795;:;:;:;:;3,592;:
MAASTRICHT/AACHEN airport - BUCURESTI/BANEASA-AUREL VLAICU airport;:;:;:;:;:;:;6,673;:;:;:;:;:;:;:;:;:;:;:;:;:;:;:
MAASTRICHT/AACHEN airport - ANTALYA (MIL-CIV) airport;:;6,977;10,167;8,227;14,769;21,027;11,340;:;:;:;4,604;:;:;5,068;3,694;:;:;:;11,923;21,654;:;:
MAASTRICHT/AACHEN airport - ISTANBUL/ATATURK airport;:;:;:;:;:;:;:;:;:;:;:;:;:;:;:;:;:;:;:;:;:;:
MAASTRICHT/AACHEN airport - MUGLA/DALAMAN airport;:;5,149;7,429;:;4,732;:;:;:;:;:;:;:;:;:;:;:;:;:;:;:;:;:
MAASTRICHT/AACHEN airport - MUGLA/MILAS-BODRUM airport;:;:;:;:;5,585;5,248;:;:;:;:;:;:;:;:;:;:;:;:;:;6,554;:;:
MAASTRICHT/AACHEN airport - LONDON STANSTED airport;12,831;9,998;7,050;13,633;:;:;:;:;:;:;:;:;:;14,260;:;:;:;:;:;:;3,118;:
EINDHOVEN airport - TIRANA airport;:;:;:;:;:;:;:;:;:;:;:;:;:;:;:;:;:;:;:;:;24,176;38,117
EINDHOVEN airport - INNSBRUCK airport;:;:;:;:;:;:;:;:;:;:;:;:;:;245;4,642;5,003;5,700;4,217;2,999;3,115;2,919;1,296
EINDHOVEN airport - WIEN-SCHWECHAT airport;:;:;:;:;:;:;:;:;:;:;:;:;:;:;:;:;:;:;:;10,519;17,583;9,094
EINDHOVEN airport - TUZLA airport;:;:;:;:;:;:;:;:;:;:;:;:;:;:;:;8,204;6,972;:;9,215;13,309;:;:
EINDHOVEN airport - SOFIA airport;:;:;:;:;:;:;:;:;:;:;8,546;11,857;11,304;15,951;18,629;16,977;14,875;36,718;38,088;36,650;51,981;57,038
EINDHOVEN airport - VARNA airport;:;:;:;:;:;:;:;:;:;:;:;:;:;:;:;:;:;:;:;:;13,530;13,725
EINDHOVEN airport - ZURICH airport;:;:;:;:;:;:;:;:;:;:;:;:;:;:;:;:;:;:;:;:;:;:
EINDHOVEN airport - PRAHA/RUZYNE airport;:;:;:;:;:;:;:;:;:;466;17,348;14,591;13,067;:;:;:;17,634;35,895;45,465;34,759;19,325;21,365
EINDHOVEN airport - BRNO/TURANY airport;:;:;:;:;:;:;:;:;:;:;:;:;6,742;8,053;7,833;7,962;6,105;:;:;:;:;:
EINDHOVEN airport - HAMBURG airport;5,626;4,904;4,197;:;:;:;:;:;:;:;:;:;:;:;:;:;:;:;:;:;:;:
EINDHOVEN airport - MUENCHEN airport;:;:;:;:;:;:;:;:;:;:;:;:;:;:;:;:;21,651;17,181;:;:;:;:
EINDHOVEN airport - BERLIN-TEGEL airport;:;:;:;:;:;:;:;:;:;:;:;:;5,707;11,998;14,775;:;:;:;:;:;:;:
EINDHOVEN airport - KOBENHAVN/KASTRUP airport;:;:;:;:;:;:;:;:;:;:;:;:;:;11,039;12,010;21,886;25,828;19,166;15,710;15,873;14,997;13,641
EINDHOVEN airport - ATHINAI/ELEFTHERIOS VENIZELOS airport;:;:;:;:;:;:;:;:;:;:;:;:;:;:;8,216;16,199;11,822;17,549;17,288;35,671;23,107;31,240
EINDHOVEN airport - IRAKLION/NIKOS KAZANTZAKIS airport;:;:;:;:;:;:;:;8,803;12,716;12,047;8,561;:;8,920;:;8,203;8,079;6,238;15,075;15,003;25,870;30,546;32,210
EINDHOVEN airport - KOS/IPPOKRATIS airport;:;:;:;:;:;:;:;:;:;:;:;:;:;:;:;:;5,870;:;15,127;17,009;:;14,060
EINDHOVEN airport - RODOS/DIAGORAS airport;:;:;:;:;:;:;:;:;:;:;:;:;:;:;:;:;:;:;:;:;18,138;17,820
EINDHOVEN airport - CHANIA/IOANNIS DASKALOGIANNIS airport;:;:;:;:;:;:;:;:;:;:;:;:;:;:;:;8,648;:;:;:;:;:;:
EINDHOVEN airport - THESSALONIKI/MAKEDONIA airport;:;:;:;:;:;:;:;:;:;:;:;:;:;:;:;:;:;:;13,581;13,507;:;:
EINDHOVEN airport - GRAN CANARIA airport;:;:;:;:;:;:;6,080;6,151;10,013;9,353;5,814;13,571;14,793;11,227;11,324;8,889;12,376;22,824;26,602;23,638;20,659;20,652
EINDHOVEN airport - LANZAROTE airport;:;:;:;:;:;:;:;:;:;:;:;6,121;:;:;5,951;8,615;11,664;12,759;13,238;:;8,965;13,814
EINDHOVEN airport - TENERIFE SUR/REINA SOFIA airport;:;:;:;:;:;:;:;:;:;:;:;:;:;:;:;8,423;9,598;17,561;17,508;18,018;28,072;29,528
EINDHOVEN airport - ALICANTE airport;:;:;:;:;:;:;:;9,549;12,902;11,843;25,152;36,008;33,144;43,821;50,291;53,475;46,831;72,170;77,432;81,950;83,300;90,264
EINDHOVEN AIRPORT - BILBAO AIRPORT;:;:;:;:;:;:;:;:;:;:;:;:;:;:;:;:;:;:;:;:;:;11,197
EINDHOVEN airport - BARCELONA/EL PRAT airport;:;:;:;:;:;:;:;:;:;:;:;18,077;22,446;25,846;27,736;28,865;36,975;60,418;48,895;44,805;51,030;44,582
EINDHOVEN airport - GIRONA airport;:;:;:;:;25,790;29,637;31,388;46,437;31,294;31,443;26,132;23,530;19,863;19,195;24,731;25,429;20,793;26,399;27,014;31,171;:;18,364
EINDHOVEN airport - IBIZA airport;:;:;:;:;:;:;:;:;:;:;:;16,515;19,352;26,129;38,611;40,483;38,274;60,500;65,163;70,733;69,378;57,740
EINDHOVEN airport - MURCIA/SAN JAVIER airport;:;:;:;:;:;:;:;:;:;:;:;:;:;:;:;8,426;7,063;:;:;:;:;:
EINDHOVEN airport - ADOLFO SUAREZ MADRID-BARAJAS airport;:;:;:;:;:;:;:;28,439;30,987;18,865;18,343;15,855;:;13,103;13,757;13,581;10,976;13,891;18,508;19,850;13,995;:
EINDHOVEN airport - MALAGA/COSTA DEL SOL airport;:;:;:;:;:;:;:;10,893;15,590;16,574;16,078;39,301;43,480;48,404;50,867;51,987;44,997;73,725;79,788;85,703;96,447;106,823
EINDHOVEN airport - PALMA DE MALLORCA airport;:;:;:;:;:;:;:;:;:;:;:;23,282;23,614;24,833;34,443;37,319;31,589;46,640;49,093;55,119;58,723;61,284
EINDHOVEN airport - REUS airport;:;:;:;:;:;:;:;:;:;5,679;17,333;18,889;16,012;15,828;20,734;20,911;17,769;23,920;22,230;22,491;19,169;23,896
EINDHOVEN airport - VALENCIA airport;:;:;:;:;:;:;:;:;15,209;:;:;:;7,622;8,555;10,849;27,246;22,505;36,929;63,800;72,009;74,085;79,614
EINDHOVEN airport - SEVILLA airport;:;:;:;:;:;:;:;:;:;:;:;10,853;7,982;7,603;8,780;8,980;7,230;9,162;24,139;25,855;25,624;26,410
EINDHOVEN airport - CARCASSONNE/SALVAZA airport;:;:;:;:;:;:;:;:;:;:;:;:;:;6,266;7,345;:;:;:;:;:;:;:
EINDHOVEN airport - MARSEILLE-PROVENCE airport;:;:;:;:;:;:;:;28,127;29,301;30,502;25,060;12,941;15,394;15,630;16,077;17,371;14,210;17,780;10,371;13,539;12,718;9,130
EINDHOVEN airport - NICE-COTE D'AZUR airport;:;:;:;:;:;:;:;:;:;:;:;10,848;9,680;10,310;12,577;19,349;19,954;26,957;28,266;27,619;25,060;25,470
EINDHOVEN airport - PARIS-CHARLES DE GAULLE airport;10,029;9,750;8,066;6,485;6,279;:;10,886;:;:;:;:;:;:;:;:;:;:;:;:;:;:;:
EINDHOVEN airport - ZAGREB/FRANJO TUDJMAN airport;:;:;:;:;:;:;:;:;:;:;:;:;:;:;:;:;:;:;:;:;:;8,933
EINDHOVEN airport - BUDAPEST/LISZT FERENC INTERNATIONAL airport;:;:;:;:;:;:;:;12,317;16,261;25,575;25,787;39,856;65,299;56,402;50,578;48,302;58,948;67,383;67,408;77,044;59,396;63,682
EINDHOVEN airport - DEBRECEN airport;:;:;:;:;:;:;:;:;:;:;:;:;:;7,687;8,012;7,729;9,293;:;9,425;12,963;:;:
EINDHOVEN airport - DUBLIN airport;:;:;:;:;:;19,954;27,994;30,666;29,316;23,734;15,065;30,644;28,226;27,922;34,041;31,435;24,627;30,958;31,526;31,428;13,276;13,113
EINDHOVEN airport - TEL-AVIV/BEN GURION airport;:;:;:;:;:;:;:;:;:;:;:;:;:;:;:;:;:;:;13,169;13,713;:;:
EINDHOVEN airport - PESCARA airport;:;:;:;:;:;:;:;:;:;:;10,861;11,005;:;:;:;:;:;:;:;:;:;:
EINDHOVEN airport - BRINDISI/CASALE airport;:;:;:;:;:;:;:;:;:;:;6,688;:;7,378;8,152;8,918;8,785;7,160;:;:;:;13,499;14,062
EINDHOVEN airport - CATANIA/FONTANAROSSA airport;:;:;:;:;:;:;:;:;:;:;:;:;:;:;12,306;13,345;10,588;13,716;13,747;13,810;13,475;13,905
EINDHOVEN airport - TRAPANI/BIRGI airport;:;:;:;:;:;:;:;:;:;:;9,537;10,218;10,306;11,474;11,669;12,931;9,628;:;:;:;:;:
EINDHOVEN airport - ALGHERO/FERTILIA airport;:;:;:;:;:;:;:;:;:;:;8,372;11,072;10,681;10,806;11,801;12,994;6,633;:;:;:;:;:
EINDHOVEN airport - MILANO/MALPENSA airport;:;:;:;:;:;:;:;:;:;:;:;:;:;:;:;:;:;:;:;:;:;:
EINDHOVEN airport - BERGAMO/ORIO AL SERIO airport;:;:;:;:;:;28,973;30,199;30,383;29,793;28,892;42,937;28,811;27,369;28,273;23,587;30,837;25,359;31,579;31,440;31,812;44,822;46,014
EINDHOVEN airport - TORINO/CASELLE airport;:;:;:;:;:;:;:;:;:;:;:;:;:;:;:;11,231;:;:;:;:;:;:
EINDHOVEN airport - BOLOGNA/BORGO PANIGALE airport;:;:;:;:;:;:;:;:;:;:;:;:;:;9,518;13,166;12,835;9,919;27,799;27,444;33,924;30,488;38,096
EINDHOVEN airport - TREVISO/S.ANGELO airport;:;:;:;:;:;:;:;:;:;:;:;:;:;:;10,828;12,772;9,978;12,921;13,374;13,582;13,089;13,360
EINDHOVEN airport - VENEZIA/TESSERA airport;:;:;:;:;:;:;:;:;:;:;:;:;:;:;10,531;:;:;:;:;:;:;:
EINDHOVEN airport - ROMA/CIAMPINO airport;:;:;:;:;:;27,531;30,826;33,787;32,620;31,806;27,207;29,605;30,422;30,108;35,904;31,392;25,431;32,130;31,978;32,354;:;:
EINDHOVEN airport - ROMA/FIUMICINO airport;:;:;:;:;:;:;:;:;:;:;:;:;:;:;:;:;:;:;:;:;65,582;63,983
EINDHOVEN airport - NAPOLI/CAPODICHINO airport;:;:;:;:;:;:;:;:;:;:;:;:;:;9,457;10,174;:;:;:;:;:;:;:
EINDHOVEN airport - PISA/S. GIUSTO airport;:;:;:;:;:;:;28,383;29,747;30,373;29,327;25,778;28,904;28,334;32,027;41,358;39,025;31,348;40,203;39,827;40,241;39,783;41,093
EINDHOVEN airport - KAUNAS INTL airport;:;:;:;:;:;:;:;:;:;:;:;:;:;:;:;:;:;:;:;10,696;:;:
EINDHOVEN airport - VILNIUS INTL airport;:;:;:;:;:;:;:;:;:;:;:;6,365;11,130;12,538;16,005;16,440;14,109;16,978;13,524;13,349;27,374;27,400
EINDHOVEN airport - RIGA airport;:;:;:;:;:;:;:;:;:;:;:;:;9,405;8,301;11,941;11,934;9,701;12,418;12,751;12,930;:;:
EINDHOVEN airport - FES/SAISS airport;:;:;:;:;:;:;:;:;:;:;:;:;:;7,850;9,253;9,214;7,148;:;:;:;:;9,351
EINDHOVEN airport - OUJDA/ANGADS airport;:;:;:;:;:;:;:;:;:;:;:;:;:;:;:;:;:;:;10,443;9,429;:;:
EINDHOVEN airport - NADOR/EL AROUI airport;:;:;:;:;:;:;:;:;:;:;:;:;:;:;:;7,633;6,742;:;:;:;:;:
EINDHOVEN airport - MARRAKECH/MENARA airport;:;:;:;:;:;:;:;:;:;:;:;:;9,095;11,600;8,586;8,621;7,574;9,182;24,507;28,587;21,177;22,397
EINDHOVEN airport - SKOPJE airport;:;:;:;:;:;:;:;:;:;:;:;:;:;8,138;9,218;8,192;7,305;:;9,802;16,708;21,878;22,648
EINDHOVEN airport - LUQA airport;:;:;:;:;:;:;:;:;:;:;:;7,740;8,472;8,783;8,765;8,776;7,170;:;:;:;:;:
EINDHOVEN airport - AMSTERDAM/SCHIPHOL airport;21,429;17,598;16,162;12,099;11,097;9,775;:;:;:;:;:;:;:;:;:;:;:;:;:;:;:;:
EINDHOVEN airport - MOSS/RYGGE airport;:;:;:;:;:;:;:;:;:;:;7,897;:;:;:;:;:;:;:;:;:;:;:
EINDHOVEN airport - GDANSK IM LECHA WALESY airport;:;:;:;:;:;:;:;:;:;:;5,407;7,726;17,898;9,474;16,416;13,237;14,324;22,680;31,932;36,172;35,701;37,078
EINDHOVEN airport - KRAKOW/BALICE airport;:;:;:;:;:;:;:;:;:;:;:;:;8,027;8,545;8,994;13,827;11,288;23,015;23,367;40,630;50,838;51,302
EINDHOVEN airport - KATOWICE/PYRZOWICE airport;:;:;:;:;:;:;:;:;11,841;11,652;14,485;17,023;18,326;18,266;25,041;29,354;24,221;30,327;38,685;39,351;31,443;31,210
EINDHOVEN airport - LUBLIN airport;:;:;:;:;:;:;:;:;:;:;:;:;:;:;:;:;6,547;:;:;11,165;:;:
EINDHOVEN airport - WARSZAWA/MODLIN airport;:;:;:;:;:;:;:;:;:;:;:;:;:;:;12,960;19,655;13,975;17,763;18,015;18,253;18,683;18,704
EINDHOVEN airport - POZNAN/LAWICA airport;:;:;:;:;:;:;:;:;:;:;:;:;:;:;:;8,332;6,479;8,601;9,154;15,971;:;:
EINDHOVEN airport - WARSZAWA/CHOPINA airport;:;:;:;:;:;:;:;:;:;:;9,948;7,854;10,216;17,616;10,114;16,125;13,401;16,766;19,002;21,951;23,085;39,874
EINDHOVEN airport - WROCLAW/STRACHOWICE airport;:;:;:;:;:;:;:;:;:;:;5,935;8,205;11,020;9,560;13,990;16,466;13,426;18,045;21,654;21,925;27,844;13,505
EINDHOVEN airport - FARO airport;:;:;:;:;:;:;:;6,504;10,209;10,289;20,516;31,011;32,617;45,457;49,199;48,980;39,923;70,174;72,105;72,429;73,975;78,367
EINDHOVEN airport - PORTO airport;:;:;:;:;:;:;:;:;:;:;15,683;21,199;17,944;17,112;18,341;18,372;18,629;23,102;23,182;23,582;33,411;33,779
EINDHOVEN airport - LISBOA airport;:;:;:;:;:;:;:;:;:;:;:;:;8,961;17,010;18,666;55,447;41,333;57,879;57,905;50,894;44,334;47,226
EINDHOVEN airport - BUCURESTI/BANEASA-AUREL VLAICU airport;:;:;:;:;:;:;:;:;:;:;:;7,687;:;:;:;:;:;:;:;:;:;:
EINDHOVEN airport - CLUJ NAPOCA/AVRAM IANCU airport;:;:;:;:;:;:;:;:;:;:;:;:;:;:;11,560;11,772;9,309;12,249;12,833;12,564;17,806;17,570
EINDHOVEN airport - IASI airport;:;:;:;:;:;:;:;:;:;:;:;:;:;:;:;:;:;:;:;:;11,622;8,839
EINDHOVEN airport - BUCURESTI/HENRI COANDA airport;:;:;:;:;:;:;:;:;:;:;:;:;7,569;8,532;8,931;8,229;6,191;:;11,014;27,045;31,974;39,105
EINDHOVEN airport - TIMISOARA/TRAIAN VUIA airport;:;:;:;:;:;:;:;:;:;:;:;:;:;:;:;:;8,791;:;:;:;:;:
EINDHOVEN airport - BEOGRAD/NIKOLA TESLA airport;:;:;:;:;:;:;:;:;:;:;:;7,876;11,785;13,302;15,098;12,194;10,496;11,042;13,664;17,795;32,144;17,931
EINDHOVEN airport - MOSCOW/VNUKOVO airport;:;:;:;:;:;:;:;:;:;:;:;:;:;:;:;:;:;:;:;13,557;:;:
EINDHOVEN airport - STOCKHOLM/SKAVSTA airport;:;:;:;:;:;:;:;:;15,625;16,993;16,071;17,308;15,828;11,361;:;:;:;:;:;:;:;:
EINDHOVEN airport - STOCKHOLM/ARLANDA airport;:;:;:;:;:;:;:;:;:;:;:;:;:;:;:;:;:;:;14,639;:;:;:
EINDHOVEN airport - BRATISLAVA/M.R.STEFANIK airport;:;:;:;:;:;:;:;:;:;:;:;:;:;:;:;:;:;:;:;:;:;14,099
EINDHOVEN airport - ANTALYA (MIL-CIV) airport;3,358;4,555;18,595;21,197;46,173;40,423;26,748;19,287;28,361;32,821;35,196;54,752;42,851;39,398;51,986;44,464;21,997;19,240;23,458;29,720;23,933;:
EINDHOVEN airport - ISTANBUL/ATATURK airport;:;:;:;:;18,964;:;:;:;:;:;:;:;:;:;:;:;:;:;:;:;:;:
EINDHOVEN airport - IZMIR/ADNAN MENDERES airport;:;:;:;:;:;:;:;:;:;:;:;:;:;:;:;:;:;:;:;:;:;:
EINDHOVEN airport - MUGLA/DALAMAN airport;:;:;:;5,055;:;11,248;:;:;:;:;:;:;:;:;:;:;:;:;:;:;:;:
EINDHOVEN airport - MUGLA/MILAS-BODRUM airport;:;2,467;5,508;8,636;15,779;12,392;7,695;:;9,030;:;:;7,973;9,996;12,134;8,804;:;:;:;:;:;:;:
EINDHOVEN airport - ISTANBUL/SABIHA GOKCEN airport;:;:;:;:;:;18,734;9,243;:;:;:;:;:;11,042;14,135;14,912;18,638;:;:;:;:;3,352;7,679
EINDHOVEN airport - MANCHESTER airport;:;:;:;:;:;:;:;:;:;:;:;:;:;:;:;17,031;13,917;17,259;17,986;17,694;13,857;12,795
EINDHOVEN airport - LONDON GATWICK airport;:;:;:;:;:;:;:;:;:;:;:;:;:;:;:;:;:;:;:;:;:;:
EINDHOVEN airport - LONDON/CITY airport;:;:;:;:;:;:;:;:;:;5,045;7,076;7,503;6,744;:;:;:;:;:;:;:;:;:
EINDHOVEN airport - LONDON HEATHROW airport;15,587;14,202;11,799;11,155;9,960;9,452;6,057;5,476;:;:;:;:;:;:;:;:;:;:;:;:;:;:
EINDHOVEN airport - EDINBURGH airport;:;:;:;:;:;:;:;:;:;:;:;:;:;:;:;:;:;:;13,183;13,140;:;:
EINDHOVEN airport - LONDON STANSTED airport;7,967;6,880;31,415;32,705;32,319;44,154;46,217;49,793;48,166;46,246;42,255;55,012;53,795;51,995;62,445;57,988;51,513;60,691;59,536;86,452;88,504;91,928
GRONINGEN/EELDE airport - MUENCHEN airport;:;:;:;:;:;:;:;:;:;:;:;:;:;:;:;:;:;:;4,188;:;:;:
GRONINGEN/EELDE airport - KOBENHAVN/KASTRUP airport;:;:;:;:;:;:;:;:;:;:;:;:;:;:;:;:;:;7,028;9,849;:;:;:
GRONINGEN/EELDE airport - IRAKLION/NIKOS KAZANTZAKIS airport;:;:;:;3,850;:;4,926;:;:;:;5,086;:;:;4,091;4,150;4,157;4,004;:;7,245;9,876;10,259;:;:
GRONINGEN/EELDE airport - KOS/IPPOKRATIS airport;:;:;:;:;:;:;:;:;:;:;:;:;4,055;:;:;:;:;:;:;:;:;:
GRONINGEN/EELDE airport - GRAN CANARIA airport;:;:;:;2,066;3,427;4,483;5,500;5,054;6,199;5,322;:;:;4,521;4,025;4,394;3,983;2,478;7,345;4,360;8,108;:;:
GRONINGEN/EELDE airport - LANZAROTE airport;:;:;:;:;:;:;:;:;:;:;:;:;:;:;:;:;2,448;3,424;:;:;:;:
GRONINGEN/EELDE airport - TENERIFE SUR/REINA SOFIA airport;:;:;:;:;:;:;:;:;:;:;:;:;:;:;:;:;:;:;:;4,065;:;:
GRONINGEN/EELDE airport - BARCELONA/EL PRAT airport;:;:;:;:;:;:;:;:;:;:;:;:;4,670;:;:;:;:;:;:;:;:;:
GRONINGEN/EELDE airport - GIRONA airport;:;:;:;:;:;:;:;:;:;:;:;:;:;6,002;7,410;:;:;:;:;:;:;:
GRONINGEN/EELDE airport - PALMA DE MALLORCA airport;:;:;:;:;4,831;4,525;:;:;:;:;:;:;8,425;11,139;12,835;6,217;6,789;6,732;6,171;7,205;:;:
GRONINGEN/EELDE airport - PALMA/SON SAN JUAN (MIL) airport;:;:;:;:;:;:;:;:;:;:;:;:;:;:;:;:;:;:;:;:;:;:
GRONINGEN/EELDE airport - MARSEILLE-PROVENCE airport;:;:;:;:;:;:;:;:;:;:;:;:;2,693;:;:;:;:;:;:;:;:;:
GRONINGEN/EELDE airport - BERGAMO/ORIO AL SERIO airport;:;:;:;:;:;:;:;:;:;:;:;:;3,261;5,691;:;:;:;:;:;:;:;:
GRONINGEN/EELDE airport - MAASTRICHT/AACHEN airport;:;:;:;4,376;:;:;:;:;:;:;:;:;:;:;:;:;:;:;:;:;:;:
GRONINGEN/EELDE airport - ROTTERDAM airport;:;:;:;3,357;:;:;:;:;:;:;:;:;:;:;:;:;:;:;:;:;:;:
GRONINGEN/EELDE airport - GDANSK IM LECHA WALESY airport;:;:;:;:;:;:;:;:;:;:;:;:;:;:;:;7,645;7,794;8,057;:;:;:;:
GRONINGEN/EELDE airport - FARO airport;:;:;:;:;4,062;4,338;6,584;7,031;7,442;7,088;:;:;6,886;6,525;6,819;7,444;8,375;8,928;6,180;6,725;:;:
GRONINGEN/EELDE airport - ANTALYA (MIL-CIV) airport;:;:;:;:;4,121;5,633;:;:;:;:;:;:;5,356;8,492;8,913;8,270;4,596;:;4,032;4,564;:;:
GRONINGEN/EELDE airport - MUGLA/DALAMAN airport;:;:;:;:;4,023;:;:;:;:;:;:;:;:;:;:;:;:;:;:;:;:;:
GRONINGEN/EELDE airport - MUGLA/MILAS-BODRUM airport;:;:;:;:;:;:;:;:;:;:;:;:;:;:;:;:;:;:;:;:;:;:
GRONINGEN/EELDE airport - SOUTHEND airport;:;:;:;:;:;:;:;:;:;:;:;:;:;:;1,555;5,257;5,737;7,656;17,147;10,155;:;:
GRONINGEN/EELDE airport - ABERDEEN/DYCE airport;:;:;:;:;2,802;3,164;:;:;:;:;:;:;:;:;:;:;:;:;:;:;:;:
GRONINGEN/EELDE airport - LONDON STANSTED airport;:;:;:;8,527;5,606;:;:;:;:;:;:;:;:;:;:;:;:;:;:;:;:;:
ROTTERDAM airport - INNSBRUCK airport;:;:;:;:;:;:;:;:;679;1,412;910;1,173;1,492;603;9;19;608;3,371;3,184;4,121;2,243;1,025
ROTTERDAM airport - SALZBURG airport;:;:;:;:;:;:;:;:;:;26;598;297;992;262;10;1;335;2,471;1,333;1,803;2,046;537
ROTTERDAM airport - WIEN-SCHWECHAT airport;:;:;:;:;:;:;:;:;:;:;:;6,927;12,716;13,387;16,998;21,300;31,435;20,956;13,506;12,638;:;:
ROTTERDAM airport - PRAHA/RUZYNE airport;:;:;:;:;:;:;:;:;:;:;:;7,085;11,699;13,231;17,915;:;:;:;:;:;:;:
ROTTERDAM airport - BERLIN-BRANDENBURG airport;:;:;:;:;16,543;15,961;:;:;:;:;:;:;:;:;:;:;24,983;16,361;:;:;:;:
ROTTERDAM airport - HAMBURG airport;5,641;5,848;5,153;:;:;:;:;:;:;:;:;:;:;:;:;:;:;:;:;:;:;:
ROTTERDAM airport - MUENCHEN airport;:;:;:;:;:;:;:;:;:;:;:;:;:;13,598;10,503;9,992;10,680;:;:;:;:;:
ROTTERDAM airport - BERLIN-TEGEL airport;:;:;:;:;:;:;:;:;:;:;:;:;:;:;:;18,979;:;:;:;:;:;:
ROTTERDAM airport - KOBENHAVN/KASTRUP airport;:;:;:;:;19,259;17,054;:;:;:;:;:;:;:;:;:;:;:;:;:;:;:;:
ROTTERDAM airport - IRAKLION/NIKOS KAZANTZAKIS airport;5,468;5,914;:;:;:;:;:;:;:;:;5,304;:;:;:;:;:;:;:;21,385;16,075;21,607;15,809
ROTTERDAM airport - KOS/IPPOKRATIS airport;:;:;:;:;:;:;:;:;:;:;:;:;:;:;:;:;:;:;:;5,691;13,049;:
ROTTERDAM airport - RODOS/DIAGORAS airport;:;:;:;:;:;:;:;:;:;:;:;:;:;:;:;:;:;:;:;7,279;:;:
ROTTERDAM airport - GRAN CANARIA airport;8,801;5,807;6,444;6,132;5,612;5,513;5,464;5,587;:;:;3,633;:;:;:;:;:;:;8,597;8,527;7,224;18,619;19,006
ROTTERDAM airport - LANZAROTE airport;:;:;:;:;:;:;:;:;:;:;:;:;:;:;:;:;:;:;:;9,395;:;:
ROTTERDAM airport - TENERIFE SUR/REINA SOFIA airport;:;:;:;:;:;:;:;:;:;:;:;:;5,849;:;:;6,283;4,480;8,317;10,244;10,368;16,348;16,295
ROTTERDAM airport - ALICANTE airport;16,472;19,503;20,088;30,947;26,861;26,359;27,319;25,733;25,304;24,197;22,200;23,908;24,146;26,621;27,784;28,769;28,744;39,772;41,672;48,341;48,592;51,517
ROTTERDAM airport - ALMERIA airport;:;:;:;:;:;:;:;:;:;:;:;:;:;:;:;:;:;:;9,859;8,939;8,940;:
ROTTERDAM airport - BARCELONA/EL PRAT airport;:;18,993;:;:;:;:;:;:;:;:;16,086;21,644;23,952;24,071;25,197;52,145;51,490;53,136;39,449;27,218;27,677;27,373
ROTTERDAM airport - GIRONA airport;:;:;:;:;21,053;22,222;21,336;23,012;19,386;18,692;4,746;9,006;7,323;7,371;8,816;9,358;7,993;22,053;16,083;19,591;21,254;23,998
ROTTERDAM airport - IBIZA airport;:;:;:;:;:;:;:;:;:;:;:;:;:;8,485;16,112;17,501;23,361;35,591;38,613;44,271;44,722;46,974
ROTTERDAM airport - ADOLFO SUAREZ MADRID-BARAJAS airport;:;:;:;:;:;:;:;:;:;:;:;9,166;13,165;14,506;16,596;23,674;:;:;:;:;:;:
ROTTERDAM airport - MALAGA/COSTA DEL SOL airport;15,829;21,782;28,290;29,402;25,011;24,791;24,733;25,859;25,180;25,035;23,212;26,849;30,613;32,998;33,417;33,352;36,774;48,462;51,487;56,005;58,962;61,429
ROTTERDAM airport - PALMA DE MALLORCA airport;9,326;9,758;8,566;8,325;8,464;:;:;:;:;:;5,747;:;:;11,631;18,546;15,960;22,730;23,918;29,389;30,972;17,575;18,753
ROTTERDAM airport - VALENCIA airport;:;:;:;:;:;:;:;:;:;:;:;:;:;10,065;11,718;:;:;11,183;14,509;15,093;16,799;17,311
ROTTERDAM airport - BERGERAC-ROUMANIERE airport;:;:;:;:;:;:;:;:;:;:;5,747;7,116;7,493;8,964;12,828;12,389;:;13,785;13,616;16,292;12,345;14,173
ROTTERDAM airport - NICE-COTE D'AZUR airport;:;14,732;:;:;:;:;20,534;20,826;19,891;17,337;17,471;18,257;17,615;19,572;20,536;22,989;:;:;:;:;:;:
ROTTERDAM airport - MONTPELLIER MEDITERRANEE airport;:;:;:;:;:;:;:;:;:;:;:;6,970;7,553;9,197;9,005;7,757;7,528;8,624;:;7,344;:;:
ROTTERDAM airport - PARIS-CHARLES DE GAULLE airport;:;:;:;:;:;:;:;:;:;:;:;:;:;:;:;:;:;:;:;:;:;:
ROTTERDAM airport - PARIS-ORLY airport;4,023;:;:;:;:;:;:;:;12,072;:;:;:;:;:;:;:;:;:;:;:;:;:
ROTTERDAM airport - HYERES-LE PALYVESTRE airport;:;:;:;:;:;:;12,030;13,372;11,265;7,437;:;6,973;6,809;8,444;8,676;7,738;8,135;8,182;7,892;10,404;:;:
ROTTERDAM airport - DUBROVNIK/CILIPI airport;:;:;:;:;:;:;:;:;:;:;:;:;:;:;:;:;:;:;8,686;8,833;10,587;:
ROTTERDAM airport - PULA airport;:;:;:;:;:;:;:;:;:;:;:;:;:;:;:;:;:;:;7,223;9,598;5,595;:
ROTTERDAM airport - SPLIT/KASTELA airport;:;:;:;:;:;:;:;:;:;:;:;:;:;:;8,143;9,714;11,253;11,287;10,260;13,372;14,243;15,195
ROTTERDAM airport - BUDAPEST/LISZT FERENC INTERNATIONAL airport;:;:;:;:;:;:;:;:;:;:;:;:;:;14,166;14,343;20,379;35,454;21,996;14,159;:;:;:
ROTTERDAM airport - DUBLIN airport;:;:;:;:;19,028;15,735;:;:;:;:;:;:;:;:;:;:;:;:;:;:;:;:
ROTTERDAM airport - BRINDISI/CASALE airport;:;:;:;:;:;:;:;:;:;:;:;:;:;:;:;:;:;:;:;8,263;8,003;:
ROTTERDAM airport - MILANO/MALPENSA airport;:;:;:;:;:;:;:;:;:;:;:;7,900;10,554;:;:;:;:;:;:;:;:;:
ROTTERDAM airport - BERGAMO/ORIO AL SERIO airport;:;:;:;:;:;:;:;:;:;:;:;:;:;:;:;:;:;:;:;:;8,336;:
ROTTERDAM airport - VENEZIA/TESSERA airport;:;:;:;:;:;:;:;:;:;:;:;:;:;:;:;:;:;11,947;13,059;:;:;:
ROTTERDAM airport - ROMA/FIUMICINO airport;:;:;:;:;:;:;27,266;26,574;24,246;21,676;18,100;21,828;22,211;25,106;28,648;26,767;38,021;25,509;16,892;14,071;13,511;14,711
ROTTERDAM airport - PISA/S. GIUSTO airport;:;:;:;:;:;:;:;:;:;:;:;:;:;:;:;:;:;10,293;14,464;16,967;:;:
ROTTERDAM airport - FES/SAISS airport;:;:;:;:;:;:;:;:;:;:;:;:;:;:;:;:;:;:;:;:;4,498;:
ROTTERDAM airport - NADOR/EL AROUI airport;:;:;:;:;:;:;:;:;:;:;:;:;:;:;:;:;:;:;:;6,006;7,501;8,016
ROTTERDAM airport - MARRAKECH/MENARA airport;:;:;:;:;:;:;:;:;:;:;:;:;:;:;:;:;:;:;:;:;6,277;:
ROTTERDAM airport - AL HOCEIMA/CHERIF EL IDRISSI airport;:;:;:;:;:;:;:;:;:;:;:;:;:;:;:;:;:;:;6,120;6,177;8,117;8,172
ROTTERDAM airport - TANGER/IBN BATOUTA airport;:;:;:;:;:;:;:;:;:;:;:;:;:;:;:;:;:;:;:;10,957;8,596;8,769
ROTTERDAM airport - LUQA airport;:;:;:;:;:;:;:;:;:;:;:;:;:;:;:;:;:;:;:;:;:;:
ROTTERDAM airport - OSLO/GARDERMOEN airport;:;:;:;:;20,037;17,882;:;:;:;:;:;:;:;:;:;:;:;:;:;:;:;:
ROTTERDAM airport - FARO airport;11,933;9,664;9,194;:;:;6,984;31,353;30,252;29,505;28,162;25,494;30,237;32,980;34,637;32,548;34,911;38,248;43,736;46,077;48,951;46,799;46,266
ROTTERDAM airport - LISBOA airport;:;:;:;:;:;:;:;:;:;:;:;:;:;:;:;:;:;:;17,135;18,953;20,158;23,783
ROTTERDAM airport - STOCKHOLM/SKAVSTA airport;:;:;:;:;17,433;16,102;:;:;:;:;:;:;:;:;:;:;:;:;:;:;:;:
ROTTERDAM airport - ANTALYA (MIL-CIV) airport;:;10,619;10,640;8,947;23,394;12,997;13,571;9,329;10,919;9,388;14,440;19,357;17,980;16,074;9,612;10,351;:;:;19,890;15,328;20,739;8,915
ROTTERDAM airport - KAYSERI (MIL/CIV) airport;:;:;:;:;:;:;:;:;:;:;:;:;:;:;:;:;:;:;:;4,542;:;:
ROTTERDAM airport - ISTANBUL/ATATURK airport;:;:;:;:;:;:;:;:;:;:;:;:;:;:;13,090;23,538;18,728;:;:;:;:;:
ROTTERDAM airport - MUGLA/DALAMAN airport;:;5,036;:;:;:;:;:;:;:;:;5,126;:;:;:;:;:;:;:;:;:;:;:
ROTTERDAM airport - MUGLA/MILAS-BODRUM airport;:;:;:;:;:;:;:;:;:;:;:;:;:;:;:;:;:;:;:;:;:;:
ROTTERDAM airport - ISTANBUL/SABIHA GOKCEN airport;:;:;:;:;:;:;:;:;:;:;:;:;:;9,544;11,795;:;:;:;:;11,274;1;19,536
ROTTERDAM airport - MANCHESTER airport;6,680;6,240;4,494;:;:;:;:;:;:;:;:;:;:;:;:;:;7,853;:;:;:;:;:
ROTTERDAM airport - LONDON LUTON airport;:;:;:;:;:;:;:;:;:;19,013;:;:;:;:;:;:;:;:;:;:;:;:
ROTTERDAM airport - LONDON GATWICK airport;16,408;16,039;5,415;:;:;:;:;:;:;:;14,865;:;:;:;:;:;:;:;:;:;:;:
ROTTERDAM airport - LONDON/CITY airport;22,861;23,222;23,821;23,077;24,490;32,319;36,650;34,757;33,347;27,268;27,327;32,698;27,820;32,049;42,102;55,958;58,440;48,692;45,493;50,892;37,997;33,029
ROTTERDAM airport - LONDON HEATHROW airport;27,057;22,497;21,815;22,107;20,269;18,826;14,874;14,790;9,346;:;:;:;:;33,896;29,609;:;:;:;:;:;:;:
ROTTERDAM airport - EDINBURGH airport;:;:;:;:;:;:;:;:;:;:;:;:;:;:;:;:;:;:;:;:;9,919;:
ROTTERDAM airport - LONDON STANSTED airport;:;:;:;:;32,165;26,987;25,299;25,931;:;:;:;:;:;:;:;:;:;:;:;:;:;:
;;;;;;;;;;;;;;;;;;;;;;
Special value;;;;;;;;;;;;;;;;;;;;;;
:;not available;;;;;;;;;;;;;;;;;;;;;
