Data extracted on 14/10/2024 15:15:52 from [ESTAT];;;;;;;;;;;;;;;;;;;;;;;;;;;;
Dataset: ;Air passenger transport routes between partner airports and main airports in the Netherlands [avia_par_nl__custom_13280147];;;;;;;;;;;;;;;;;;;;;;;;;;;
Last updated: ;25/09/2024 11:00;;;;;;;;;;;;;;;;;;;;;;;;;;;
;;;;;;;;;;;;;;;;;;;;;;;;;;;;
Time frequency;;Annual;;;;;;;;;;;;;;;;;;;;;;;;;;
Unit of measure;;Passenger;;;;;;;;;;;;;;;;;;;;;;;;;;
Traffic and transport measurement;;Passengers on board;;;;;;;;;;;;;;;;;;;;;;;;;;
;;;;;;;;;;;;;;;;;;;;;;;;;;;;
TIME;2010;;2011;;2012;;2013;;2014;;2015;;2016;;2017;;2018;;2019;;2020;;2021;;2022;;2023;
AIRP_PR (Labels);;;;;;;;;;;;;;;;;;;;;;;;;;;;
AMSTERDAM/SCHIPHOL airport - ABU DHABI INTERNATIONAL airport;88,564;;92,637;;:;;307,349;;347,427;;320,469;;267,460;;295,060;;328,598;;342,885;;86,640;;:;;194,125;;197,310;
AMSTERDAM/SCHIPHOL airport - DUBAI INTERNATIONAL airport;479,016;;579,212;;608,321;;607,513;;739,555;;770,483;;830,389;;887,807;;902,133;;1,013,503;;327,652;;338,552;;702,198;;936,422;
AMSTERDAM/SCHIPHOL airport - BONAIRE/FLAMINGO airport;162,018;;160,172;;100,944;;98,989;;107,094;;96,694;;122,001;;146,851;;84,776;;77,431;;:;;203,159;;:;;:;
AMSTERDAM/SCHIPHOL airport - CURACAO/AEROPUERTO HATO airport;254,260;;282,465;;282,319;;274,853;;290,424;;341,512;;360,651;;400,531;;456,794;;488,150;;283,437;;439,055;;671,781;;617,041;
AMSTERDAM/SCHIPHOL airport - ST. MAARTEN/PRINCESS JULIANA airport;88,517;;92,193;;116,027;;117,278;;123,925;;126,947;;122,955;;97,492;;:;;:;;:;;:;;80,203;;78,779;
AMSTERDAM/SCHIPHOL airport - EZEIZA MINISTRO PISTARINI (BA) airport;:;;:;;94,021;;89,773;;120,812;;151,684;;99,759;;103,826;;121,483;;101,185;;:;;:;;108,080;;96,102;
AMSTERDAM/SCHIPHOL airport - INNSBRUCK airport;:;;:;;:;;:;;:;;:;;75,938;;88,154;;79,779;;78,529;;:;;:;;78,207;;:;
AMSTERDAM/SCHIPHOL airport - WIEN-SCHWECHAT airport;465,910;;527,228;;504,007;;519,588;;540,860;;573,523;;713,054;;768,752;;821,007;;945,585;;243,461;;308,009;;611,758;;767,573;
AMSTERDAM/SCHIPHOL airport - SYDNEY/SYDNEY (KINGSFORD SMITH) INTL airport;:;;:;;:;;:;;:;;:;;:;;:;;:;;:;;:;;:;;:;;:;
AMSTERDAM/SCHIPHOL airport - ORANJESTAD/BEATRIX airport;198,806;;186,304;;109,872;;116,727;;120,218;;121,413;;140,466;;145,474;;221,587;;231,354;;:;;78,219;;325,458;;270,868;
AMSTERDAM/SCHIPHOL airport - BRUSSELS airport;222,394;;217,654;;213,287;;223,466;;241,973;;242,461;;218,801;;255,473;;277,228;;281,103;;94,538;;138,965;;173,199;;192,983;
AMSTERDAM/SCHIPHOL airport - BURGAS airport;:;;79,945;;79,065;;:;;:;;:;;:;;:;;:;;:;;:;;:;;:;;:;
AMSTERDAM/SCHIPHOL airport - SOFIA airport;:;;:;;76,591;;86,567;;92,650;;90,750;;93,323;;120,778;;135,419;;135,726;;82,929;;:;;94,251;;85,883;
AMSTERDAM/SCHIPHOL airport - BAHRAIN INTERNATIONAL airport;:;;:;;:;;:;;:;;:;;:;;:;;:;;:;;:;;:;;:;;:;
AMSTERDAM/SCHIPHOL airport - FORTALEZA/ PINTO MARTINS, CE airport;:;;:;;:;;:;;:;;:;;:;;:;;:;;90,466;;:;;:;;:;;:;
AMSTERDAM/SCHIPHOL airport - RIO DE JANEIRO/GALEAO-ANTONIO CARLOS JOBIM, RJ airport;:;;:;;90,436;;134,001;;145,070;;161,559;;161,328;;180,154;;204,159;;195,837;;:;;:;;177,206;;189,530;
AMSTERDAM/SCHIPHOL airport - SAO PAULO/GUARULHOS, GOVERNADOR ANDRE FRANCO MONTORO, SP airport;198,110;;226,595;;242,940;;250,336;;247,327;;244,245;;233,359;;247,921;;262,153;;254,558;;113,654;;114,032;;257,468;;266,087;
AMSTERDAM/SCHIPHOL airport - MINSK-2 airport;:;;:;;:;;:;;:;;:;;:;;:;;:;;:;;80,526;;:;;:;;:;
AMSTERDAM/SCHIPHOL airport - EDMONTON INTL, AB airport;:;;:;;:;;:;;:;;:;;83,082;;91,292;;90,574;;95,158;;:;;:;;:;;94,173;
AMSTERDAM/SCHIPHOL airport - MONTREAL INTL (MIRABEL), QC airport;:;;:;;:;;:;;:;;:;;:;;:;;:;;:;;:;;:;;:;;:;
AMSTERDAM/SCHIPHOL airport - MONTREAL/PIERRE ELLIOT TRUDEAU INTL, QC airport;184,878;;180,336;;186,330;;187,552;;186,546;;185,281;;171,293;;156,244;;155,034;;149,734;;:;;:;;114,988;;174,851;
AMSTERDAM/SCHIPHOL airport - VANCOUVER INTL, BC airport;180,546;;193,210;;209,514;;200,047;;184,082;;188,593;;196,814;;184,381;;201,599;;218,420;;:;;:;;150,256;;196,141;
AMSTERDAM/SCHIPHOL airport - CALGARY INTL, AB airport;107,471;;117,681;;152,355;;174,647;;180,141;;186,364;;183,040;;203,198;;209,106;;215,596;;:;;102,051;;196,135;;227,976;
AMSTERDAM/SCHIPHOL airport - TORONTO/LESTER B. PEARSON INTL, ON airport;368,282;;385,154;;391,025;;378,496;;367,383;;418,563;;603,349;;675,778;;726,619;;594,150;;127,537;;108,218;;425,890;;548,210;
AMSTERDAM/SCHIPHOL airport - BALE-MULHOUSE airport;:;;:;;:;;:;;:;;377,950;;418,078;;425,468;;441,806;;447,402;;116,157;;101,258;;267,999;;350,833;
AMSTERDAM/SCHIPHOL airport - GENEVA airport;523,416;;593,441;;617,700;;628,069;;639,649;;649,861;;667,423;;682,212;;685,016;;707,873;;240,513;;242,896;;528,567;;592,904;
AMSTERDAM/SCHIPHOL airport - ZURICH airport;611,850;;666,603;;677,690;;698,119;;720,881;;761,424;;801,285;;940,203;;995,435;;978,768;;306,139;;292,736;;636,835;;743,558;
AMSTERDAM/SCHIPHOL airport - SANTIAGO/AP ARTURO MERINO BENITEZ airport;:;;:;;:;;:;;:;;:;;:;;99,203;;119,557;;104,805;;:;;:;;93,723;;96,185;
AMSTERDAM/SCHIPHOL airport - BEIJING/CAPITAL airport;335,157;;315,143;;287,261;;300,619;;317,090;;379,870;;359,192;;361,002;;395,796;;391,316;;:;;:;;:;;130,819;
AMSTERDAM/SCHIPHOL airport - BEIJING/DAXING INTERNATIONAL airport;:;;:;;:;;:;;:;;:;;:;;:;;:;;:;;:;;:;;:;;:;
AMSTERDAM/SCHIPHOL airport - GUANGZHOU/BAIYUN airport;:;;:;;101,697;;135,937;;139,846;;141,389;;144,900;;140,556;;174,537;;185,354;;:;;:;;:;;93,695;
AMSTERDAM/SCHIPHOL airport - XIAMEN/GAOQI airport;:;;:;;76,489;;:;;:;;89,147;;114,632;;123,606;;131,419;;130,095;;:;;:;;:;;76,205;
AMSTERDAM/SCHIPHOL airport - HANGZHOU/XIAOSHAN airport;:;;82,429;;88,956;;77,782;;:;;76,502;;:;;:;;:;;:;;:;;:;;:;;:;
AMSTERDAM/SCHIPHOL airport - SHANGHAI/PUDONG airport;291,862;;325,372;;320,866;;301,778;;289,686;;294,454;;381,008;;410,207;;431,098;;450,761;;:;;:;;:;;233,225;
AMSTERDAM/SCHIPHOL airport - SHANGHAI/HONGQIAO airport;:;;:;;:;;:;;:;;:;;:;;:;;:;;:;;:;;:;;:;;:;
AMSTERDAM/SCHIPHOL airport - CHENGDU/SHUANGLIU airport;:;;76,736;;77,234;;77,860;;76,767;;77,962;;78,032;;95,923;;98,267;;96,672;;:;;:;;:;;:;
AMSTERDAM/SCHIPHOL airport - BOGOTA INTL/CUNDINAMARCA airport;:;;:;;:;;:;;:;;:;;80,281;;86,637;;110,894;;140,856;;:;;85,714;;188,092;;190,536;
AMSTERDAM/SCHIPHOL airport - ALAJUELA/JUAN SANTAMARIA INTL. airport;:;;:;;:;;:;;:;;:;;:;;:;;:;;:;;:;;:;;:;;:;
AMSTERDAM/SCHIPHOL airport - HABANA/JOSE MARTI INTL. airport;:;;:;;:;;76,674;;80,963;;86,205;;137,268;;180,431;;142,030;;97,678;;:;;:;;:;;:;
AMSTERDAM/SCHIPHOL airport - AMILCAR CABRAL/SAL ISLAND airport;:;;:;;:;;:;;:;;:;;:;;:;;:;;:;;:;;:;;:;;:;
AMSTERDAM/SCHIPHOL airport - LARNAKA/INTL airport;:;;:;;:;;:;;:;;:;;:;;:;;:;;:;;:;;:;;:;;:;
AMSTERDAM/SCHIPHOL airport - PRAHA/RUZYNE airport;396,296;;461,556;;402,559;;439,975;;454,542;;520,757;;601,123;;658,230;;691,322;;758,629;;213,630;;250,873;;447,185;;537,734;
AMSTERDAM/SCHIPHOL airport - BERLIN-BRANDENBURG airport;:;;147,579;;167,232;;205,034;;226,764;;255,051;;309,075;;306,400;;316,638;;317,320;;104,256;b;312,216;;680,176;;814,744;
AMSTERDAM/SCHIPHOL airport - FRANKFURT/MAIN airport;578,411;;710,218;;717,915;;727,099;;754,251;;800,172;;817,514;;842,842;;865,134;;882,532;;240,164;;206,870;;505,660;;646,235;
AMSTERDAM/SCHIPHOL airport - MUENSTER/OSNABRUECK airport;:;;:;;:;;:;;:;;:;;:;;:;;:;;:;;:;;:;;:;;:;
AMSTERDAM/SCHIPHOL airport - HAMBURG airport;300,968;;345,245;;384,313;;371,741;;392,931;;467,314;;501,317;;458,894;;482,460;;477,238;;155,842;;172,049;;277,332;;350,697;
AMSTERDAM/SCHIPHOL airport - KOELN/BONN airport;97,637;;101,833;;96,578;;87,620;;86,716;;82,059;;:;;:;;:;;:;;:;;:;;:;;:;
AMSTERDAM/SCHIPHOL airport - DUESSELDORF airport;177,940;;185,880;;182,630;;172,091;;185,293;;205,033;;227,196;;234,651;;254,510;;257,004;;87,791;;111,664;;172,477;;213,832;
AMSTERDAM/SCHIPHOL airport - MUENCHEN airport;577,072;;676,793;;689,511;;693,235;;731,493;;789,666;;795,485;;954,711;;996,325;;971,192;;261,908;;255,979;;611,516;;718,830;
AMSTERDAM/SCHIPHOL airport - NUERNBERG airport;140,643;;148,743;;160,003;;161,353;;169,053;;186,670;;192,463;;188,397;;197,368;;198,424;;:;;:;;112,686;;169,094;
AMSTERDAM/SCHIPHOL airport - STUTTGART airport;174,003;;191,202;;206,528;;210,735;;228,863;;284,617;;313,330;;326,137;;345,946;;345,419;;112,695;;113,439;;214,598;;284,700;
AMSTERDAM/SCHIPHOL airport - BERLIN-TEGEL airport;412,946;;471,545;;431,624;;460,933;;497,244;;534,471;;563,623;;593,605;;662,422;;687,425;;198,241;;:;;:;;:;
AMSTERDAM/SCHIPHOL airport - HANNOVER airport;155,211;;163,883;;162,555;;167,029;;168,603;;170,760;;177,897;;179,109;;193,515;;202,215;;:;;:;;106,017;;148,940;
AMSTERDAM/SCHIPHOL airport - BREMEN airport;119,411;;131,081;;138,385;;144,199;;141,413;;152,589;;155,555;;164,449;;172,691;;172,038;;:;;:;;90,328;;131,783;
AMSTERDAM/SCHIPHOL airport - PADERBORN/LIPPSTADT airport;:;;:;;:;;:;;:;;:;;:;;:;;:;;:;;:;;:;;:;;:;
AMSTERDAM/SCHIPHOL airport - HANNOVER UIR airport;:;;:;;:;;:;;:;;:;;:;;:;;:;;:;;:;;:;;:;;:;
AMSTERDAM/SCHIPHOL airport - BILLUND airport;246,011;;261,120;;279,190;;285,201;;306,898;;334,620;;344,548;;365,899;;391,026;;409,300;;135,960;;149,558;;315,360;;347,832;
AMSTERDAM/SCHIPHOL airport - KOBENHAVN/KASTRUP airport;708,160;;831,995;;822,803;;806,424;;889,099;;913,247;;975,326;;1,033,831;;1,090,890;;1,110,487;;353,468;;398,972;;972,998;;1,122,161;
AMSTERDAM/SCHIPHOL airport - AALBORG airport;:;;:;;110,081;;136,850;;157,112;;171,179;;195,343;;212,233;;228,708;;234,893;;:;;77,166;;153,830;;177,172;
AMSTERDAM/SCHIPHOL airport - PUNTA CANA INTL. airport;:;;:;;:;;:;;:;;:;;:;;:;;:;;:;;:;;:;;:;;:;
AMSTERDAM/SCHIPHOL airport - GUAYAQUIL airport;:;;:;;:;;89,025;;104,630;;103,752;;:;;:;;:;;:;;:;;:;;:;;:;
AMSTERDAM/SCHIPHOL airport - QUITO/MARISCAL SUCRE INTL airport;:;;:;;:;;:;;:;;:;;:;;:;;218,244;;209,239;;:;;94,060;;187,175;;181,956;
AMSTERDAM/SCHIPHOL airport - QUITO airport;:;;:;;:;;96,342;;107,658;;106,620;;201,174;;141,980;;:;;:;;:;;:;;:;;:;
AMSTERDAM/SCHIPHOL airport - LENNART MERI TALLINN airport;:;;:;;94,124;;86,980;;83,842;;80,246;;86,484;;109,681;;108,284;;81,694;;:;;:;;75,329;;87,810;
AMSTERDAM/SCHIPHOL airport - CAIRO/INTL airport;244,211;;171,452;;168,370;;168,403;;152,497;;153,872;;169,376;;81,499;;92,627;;99,277;;:;;90,010;;91,096;;109,752;
AMSTERDAM/SCHIPHOL airport - HURGHADA / INTL airport;202,895;;175,628;;202,381;;150,960;;128,070;;142,388;;:;;105,745;;120,164;;129,167;;:;;:;;98,034;;140,216;
AMSTERDAM/SCHIPHOL airport - MARSA ALAM / INTL airport;:;;:;;:;;:;;:;;:;;:;;90,847;;81,135;;83,244;;:;;:;;75,438;;:;
AMSTERDAM/SCHIPHOL airport - SHARM EL SHEIKH / INTL airport;114,149;;85,912;;117,071;;79,139;;:;;:;;:;;:;;:;;:;;:;;:;;:;;:;
AMSTERDAM/SCHIPHOL airport - ATHINAI (APP,MET) airport;:;;:;;:;;:;;:;;:;;:;;:;;:;;:;;:;;:;;:;;:;
AMSTERDAM/SCHIPHOL airport - ATHINAI/ELEFTHERIOS VENIZELOS airport;289,316;;354,988;;200,515;;234,705;;275,617;;270,188;;340,921;;441,004;;477,825;;501,198;;211,838;;325,786;;470,978;;514,063;
AMSTERDAM/SCHIPHOL airport - IRAKLION/NIKOS KAZANTZAKIS airport;211,619;;228,281;;187,256;;220,066;;230,366;;219,892;;256,015;;282,971;;254,652;;226,626;;:;;190,720;;240,430;;233,412;
AMSTERDAM/SCHIPHOL airport - KOS/IPPOKRATIS airport;124,365;;145,430;;145,185;;174,486;;171,627;;144,480;;128,478;;187,027;;169,325;;154,928;;:;;132,656;;133,661;;138,511;
AMSTERDAM/SCHIPHOL airport - KERKIRA/IOANNIS KAPODISTRIAS airport;:;;:;;:;;:;;:;;:;;90,114;;100,803;;100,438;;79,277;;:;;:;;:;;:;
AMSTERDAM/SCHIPHOL airport - PREVEZA/AKTION airport;:;;:;;:;;:;;:;;:;;:;;:;;:;;:;;:;;:;;:;;75,462;
AMSTERDAM/SCHIPHOL airport - RODOS/DIAGORAS airport;86,762;;105,169;;94,874;;107,328;;111,110;;113,627;;108,796;;135,624;;124,857;;112,287;;:;;118,230;;111,923;;123,072;
AMSTERDAM/SCHIPHOL airport - THESSALONIKI/MAKEDONIA airport;:;;:;;:;;:;;:;;:;;84,203;;100,935;;121,098;;125,647;;:;;81,591;;117,301;;125,896;
AMSTERDAM/SCHIPHOL airport - ZAKINTHOS/DIONISIOS SOLOMOS airport;:;;:;;:;;:;;77,262;;87,104;;107,745;;133,750;;129,905;;125,952;;:;;120,867;;189,531;;183,199;
AMSTERDAM/SCHIPHOL airport - FUERTEVENTURA airport;:;;82,163;;81,056;;87,857;;83,735;;82,259;;100,225;;117,755;;114,911;;119,670;;:;;:;;94,238;;93,790;
AMSTERDAM/SCHIPHOL airport - GRAN CANARIA airport;239,717;;277,955;;258,198;;270,663;;254,795;;288,326;;351,651;;333,904;;313,373;;288,412;;100,937;;207,548;;361,579;;338,336;
AMSTERDAM/SCHIPHOL airport - LANZAROTE airport;80,402;;94,457;;108,267;;129,498;;120,100;;121,218;;146,808;;184,167;;148,926;;118,236;;:;;:;;136,185;;108,955;
AMSTERDAM/SCHIPHOL airport - TENERIFE SUR/REINA SOFIA airport;146,530;;176,710;;182,183;;203,852;;189,805;;194,587;;253,105;;260,687;;253,814;;225,779;;84,926;;159,996;;244,483;;264,178;
AMSTERDAM/SCHIPHOL airport - ALICANTE airport;149,735;;204,009;;227,331;;252,471;;261,506;;284,543;;394,512;;480,059;;434,993;;436,604;;154,597;;294,418;;439,562;;520,338;
AMSTERDAM/SCHIPHOL airport - BILBAO airport;:;;:;;:;;:;;93,311;;149,827;;193,664;;220,642;;233,450;;242,130;;:;;96,650;;185,237;;250,049;
AMSTERDAM/SCHIPHOL airport - BARCELONA/EL PRAT airport;1,067,205;;1,321,528;;1,250,126;;1,186,808;;1,217,977;;1,202,639;;1,305,451;;1,361,784;;1,418,969;;1,382,746;;377,835;;608,458;;1,204,862;;1,463,313;
AMSTERDAM/SCHIPHOL airport - GIRONA airport;:;;83,560;;:;;81,162;;83,296;;:;;85,318;;78,320;;:;;:;;:;;:;;:;;:;
AMSTERDAM/SCHIPHOL airport - IBIZA airport;79,212;;109,072;;128,134;;144,078;;148,906;;177,257;;295,367;;327,749;;320,580;;296,575;;:;;279,715;;304,565;;328,496;
AMSTERDAM/SCHIPHOL airport - ADOLFO SUAREZ MADRID-BARAJAS airport;1,107,090;;1,137,846;;1,039,226;;748,498;;840,359;;925,370;;992,455;;1,021,986;;1,035,721;;1,140,173;;359,582;;458,560;;972,005;;1,052,475;
AMSTERDAM/SCHIPHOL airport - MALAGA/COSTA DEL SOL airport;279,984;;319,921;;334,184;;332,985;;344,581;;381,931;;534,503;;703,089;;661,787;;656,379;;229,366;;430,838;;642,295;;765,366;
AMSTERDAM/SCHIPHOL airport - PALMA DE MALLORCA airport;177,900;;228,934;;170,914;;161,690;;182,554;;208,761;;304,119;;326,372;;315,504;;295,455;;:;;242,432;;330,146;;365,567;
AMSTERDAM/SCHIPHOL airport - PALMA/SON SAN JUAN (MIL) airport;:;;:;;:;;:;;:;;:;;:;;:;;:;;:;;:;;:;;:;;:;
AMSTERDAM/SCHIPHOL airport - VALENCIA airport;150,365;;145,811;;144,333;;147,996;;155,941;;168,191;;262,177;;293,445;;375,529;;375,055;;120,368;;227,235;;344,575;;407,884;
AMSTERDAM/SCHIPHOL airport - SEVILLA airport;:;;:;;:;;:;;93,409;;107,438;;136,069;;130,739;;139,982;;149,697;;:;;:;;140,230;;148,896;
AMSTERDAM/SCHIPHOL airport - HELSINKI-MALMI airport;:;;:;;:;;:;;:;;:;;:;;:;;:;;:;;:;;:;;:;;:;
AMSTERDAM/SCHIPHOL airport - HELSINKI/VANTAA airport;413,598;;474,497;;467,113;;483,116;;505,769;;510,408;;563,669;;667,288;;708,014;;707,614;;231,766;;231,221;;532,868;;596,287;
AMSTERDAM/SCHIPHOL airport - BORDEAUX-MERIGNAC airport;112,005;;119,297;;127,363;;147,863;;239,203;;296,984;;313,602;;306,759;;311,246;;300,078;;98,191;;127,492;;181,991;;209,683;
AMSTERDAM/SCHIPHOL airport - TOULOUSE/BLAGNAC airport;160,780;;179,210;;194,807;;201,886;;206,649;;241,782;;274,276;;273,664;;264,876;;256,708;;86,084;;126,098;;183,959;;212,337;
AMSTERDAM/SCHIPHOL airport - LYON SAINT-EXUPERY airport;158,490;;169,806;;183,834;;205,350;;215,923;;247,377;;341,185;;356,752;;340,105;;323,987;;107,113;;154,766;;247,855;;293,883;
AMSTERDAM/SCHIPHOL airport - MARSEILLE-PROVENCE airport;175,384;;193,252;;211,267;;236,927;;236,339;;256,832;;309,774;;333,602;;328,667;;298,167;;87,787;;81,118;;158,770;;157,909;
AMSTERDAM/SCHIPHOL airport - NICE-COTE D'AZUR airport;278,659;;316,037;;333,651;;352,637;;366,600;;424,851;;450,615;;490,013;;464,602;;479,882;;150,931;;255,939;;346,918;;412,332;
AMSTERDAM/SCHIPHOL airport - MONTPELLIER MEDITERRANEE airport;:;;:;;:;;:;;:;;:;;:;;:;;:;;86,508;;:;;:;;:;;:;
AMSTERDAM/SCHIPHOL airport - PARIS-CHARLES DE GAULLE airport;991,413;;1,060,438;;1,144,260;;1,127,740;;1,159,622;;1,154,861;;1,187,339;;1,265,933;;1,238,556;;1,239,789;;495,151;;574,320;;910,359;;1,097,997;
AMSTERDAM/SCHIPHOL airport - PARIS-ORLY airport;:;;:;;:;;:;;:;;:;;139,264;;158,900;;168,460;;148,214;;:;;:;;:;;:;
AMSTERDAM/SCHIPHOL airport - NANTES ATLANTIQUE airport;:;;:;;82,647;;87,143;;86,094;;103,471;;130,651;;160,977;;186,978;;193,140;;:;;:;;104,526;;162,544;
AMSTERDAM/SCHIPHOL airport - BALE-MULHOUSE airport;195,485;;210,353;;251,713;;284,164;;313,756;;:;;:;;:;;:;;:;;:;;:;;:;;:;
AMSTERDAM/SCHIPHOL airport - STRASBOURG-ENTZHEIM airport;:;;:;;:;;:;;:;;:;;76,828;;80,806;;90,736;;93,793;;:;;:;;:;;:;
AMSTERDAM/SCHIPHOL airport - ACCRA/KOTOKA INTERNATIONAL airport;188,887;;189,667;;188,595;;188,797;;177,611;;200,945;;214,819;;222,119;;245,651;;250,915;;93,886;;139,664;;233,087;;255,659;
AMSTERDAM/SCHIPHOL airport - HONG KONG/INTERNATIONAL airport;428,666;;420,895;;414,934;;368,449;;365,723;;407,246;;410,444;;415,620;;426,371;;424,853;;79,840;;:;;:;;266,161;
AMSTERDAM/SCHIPHOL airport - SPLIT/KASTELA airport;:;;:;;:;;:;;:;;:;;:;;:;;83,992;;80,815;;:;;135,597;;155,601;;164,231;
AMSTERDAM/SCHIPHOL airport - ZAGREB/FRANJO TUDJMAN airport;:;;:;;78,001;;:;;111,798;;143,909;;168,335;;167,910;;156,850;;157,570;;86,052;;163,815;;191,030;;197,440;
AMSTERDAM/SCHIPHOL airport - BUDAPEST/LISZT FERENC INTERNATIONAL airport;289,905;;403,104;;361,798;;355,695;;375,018;;332,506;;397,506;;443,939;;452,259;;454,460;;135,953;;236,771;;375,519;;392,501;
AMSTERDAM/SCHIPHOL airport - BALI INTL/NGURAH RAI airport;:;;:;;:;;:;;:;;:;;115,906;;136,950;;141,514;;143,003;;:;;:;;:;;113,089;
AMSTERDAM/SCHIPHOL airport - JAKARTA INTL/SOEKARNO-HATTA airport;:;;:;;:;;:;;80,315;;120,850;;251,631;;299,408;;309,782;;242,918;;:;;:;;:;;95,716;
AMSTERDAM/SCHIPHOL airport - JAKARTA CITY airport;:;;:;;:;;:;;:;;:;;:;;:;;:;;:;;:;;:;;:;;:;
AMSTERDAM/SCHIPHOL airport - CORK airport;149,622;;166,082;;170,711;;172,852;;169,436;;173,406;;178,476;;168,017;;155,856;;157,079;;:;;:;;191,218;;207,832;
AMSTERDAM/SCHIPHOL airport - DUBLIN airport;436,997;;465,856;;484,409;;497,983;;514,218;;608,571;;937,217;;1,080,890;;1,194,902;;1,212,683;;365,265;;396,492;;1,003,177;;1,187,501;
AMSTERDAM/SCHIPHOL airport - TEL-AVIV/BEN GURION airport;284,471;;381,914;;319,755;;343,856;;343,530;;389,529;;511,745;;566,438;;583,064;;605,466;;100,233;;126,191;;440,771;;486,409;
AMSTERDAM/SCHIPHOL airport - MUMBAI airport;156,733;;158,226;;164,410;;176,367;;163,500;;:;;146,405;;230,974;;310,236;;180,116;;:;;:;;189,191;;188,036;
AMSTERDAM/SCHIPHOL airport - DELHI (IGI) airport;224,376;;225,351;;223,732;;207,834;;208,118;;210,687;;369,353;;455,545;;454,308;;291,296;;94,182;;104,094;;222,866;;262,456;
AMSTERDAM/SCHIPHOL airport - BANGALORE INTERNATIONAL airport, DEVENAHALLI, BANGALORE airport;:;;:;;:;;:;;:;;:;;:;;:;;164,145;;:;;:;;:;;:;;126,861;
AMSTERDAM/SCHIPHOL airport - HYDERABAD airport;:;;:;;:;;:;;:;;:;;:;;:;;:;;:;;:;;:;;:;;:;
AMSTERDAM/SCHIPHOL airport - TEHRAN/IMAM KHOMAINI INTL airport;175,764;;153,351;;137,825;;:;;:;;:;;:;;143,827;;99,777;;:;;:;;:;;:;;:;
AMSTERDAM/SCHIPHOL airport - TEHRAN/MEHRABAD INTL airport;:;;:;;:;;:;;:;;:;;:;;:;;:;;:;;:;;:;;:;;:;
AMSTERDAM/SCHIPHOL airport - KEFLAVIK airport;86,146;;100,021;;119,316;;137,518;;158,472;;203,652;;314,015;;428,812;;449,787;;293,112;;:;;117,093;;238,011;;301,286;
AMSTERDAM/SCHIPHOL airport - BARI/PALESE airport;:;;:;;:;;:;;:;;:;;:;;82,449;;92,482;;100,494;;:;;:;;81,022;;96,705;
AMSTERDAM/SCHIPHOL airport - CATANIA/FONTANAROSSA airport;:;;:;;:;;:;;:;;:;;96,220;;155,965;;169,337;;170,055;;:;;87,708;;132,082;;118,736;
AMSTERDAM/SCHIPHOL airport - OLBIA/COSTA SMERALDA airport;:;;:;;:;;:;;:;;:;;:;;:;;85,637;;84,225;;:;;:;;:;;:;
AMSTERDAM/SCHIPHOL airport - MILANO/MALPENSA airport;558,300;;551,105;;402,185;;367,563;;353,983;;379,657;;466,531;;743,456;;839,261;;923,721;;248,867;;182,991;;415,983;;488,983;
AMSTERDAM/SCHIPHOL airport - BERGAMO/ORIO AL SERIO airport;:;;:;;:;;:;;:;;:;;:;;:;;:;;:;;:;;:;;:;;:;
AMSTERDAM/SCHIPHOL airport - TORINO/CASELLE airport;:;;:;;:;;:;;105,320;;131,032;;144,817;;116,951;;112,960;;112,742;;:;;:;;:;;88,680;
AMSTERDAM/SCHIPHOL airport - GENOVA/SESTRI airport;:;;:;;:;;:;;:;;:;;:;;:;;:;;80,262;;:;;:;;:;;:;
AMSTERDAM/SCHIPHOL airport - MILANO/LINATE airport;204,226;;341,176;;484,966;;546,102;;547,914;;624,932;;651,546;;450,189;;381,152;;285,261;;:;;218,926;;440,383;;557,305;
AMSTERDAM/SCHIPHOL airport - BOLOGNA/BORGO PANIGALE airport;140,145;;157,275;;167,070;;172,024;;177,067;;187,273;;196,458;;200,463;;227,849;;228,063;;:;;104,309;;153,265;;194,987;
AMSTERDAM/SCHIPHOL airport - VERONA/VILLAFRANCA airport;:;;:;;:;;:;;:;;:;;:;;:;;:;;103,941;;:;;:;;:;;78,866;
AMSTERDAM/SCHIPHOL airport - VENEZIA/TESSERA airport;209,527;;278,336;;267,314;;298,793;;408,624;;486,013;;523,776;;444,015;;414,851;;413,913;;123,737;;189,898;;325,950;;404,672;
AMSTERDAM/SCHIPHOL airport - ROMA/FIUMICINO airport;810,898;;915,867;;929,215;;956,362;;1,028,875;;1,139,730;;1,099,076;;1,111,794;;1,064,657;;1,048,831;;292,234;;388,694;;795,808;;733,349;
AMSTERDAM/SCHIPHOL airport - NAPOLI/CAPODICHINO airport;:;;:;;76,147;;88,321;;105,810;;110,101;;210,982;;224,633;;225,946;;262,886;;77,702;;114,156;;221,707;;260,821;
AMSTERDAM/SCHIPHOL airport - PISA/S. GIUSTO airport;:;;:;;76,320;;82,155;;88,164;;104,668;;112,999;;112,002;;96,812;;123,204;;:;;:;;100,966;;134,108;
AMSTERDAM/SCHIPHOL airport - FIRENZE/PERETOLA airport;87,402;;119,901;;126,513;;129,360;;150,065;;191,096;;215,522;;260,580;;273,614;;270,502;;76,864;;119,615;;223,383;;265,866;
AMSTERDAM/SCHIPHOL airport - AMMAN/QUEEN ALIA airport;:;;:;;:;;:;;:;;:;;:;;:;;:;;:;;:;;:;;:;;81,858;
AMSTERDAM/SCHIPHOL airport - NARITA INTL airport;322,694;;214,671;;262,767;;281,034;;253,062;;232,031;;233,380;;251,852;;255,650;;301,404;;:;;:;;:;;128,635;
AMSTERDAM/SCHIPHOL airport - KANSAI INTL airport;184,992;;197,863;;207,883;;224,464;;218,551;;208,598;;172,302;;179,096;;183,083;;204,298;;:;;:;;:;;:;
AMSTERDAM/SCHIPHOL airport - SAPPORO/NEW CHITOSE airport;:;;:;;:;;:;;:;;:;;:;;:;;:;;:;;:;;:;;:;;:;
AMSTERDAM/SCHIPHOL airport - FUKUOKA airport;:;;:;;:;;:;;91,211;;:;;:;;:;;:;;:;;:;;:;;:;;:;
AMSTERDAM/SCHIPHOL airport - NAIROBI/JOMO KENYATTA INTL. TWR/APP/NOF/MET/CIVIL AIRLINES airport;405,544;;409,105;;414,479;;396,333;;427,171;;420,322;;411,410;;410,097;;419,028;;412,671;;109,032;;135,156;;282,342;;351,803;
AMSTERDAM/SCHIPHOL airport - NAIROBI ACC,FIC,RCC,COM airport;:;;:;;:;;:;;:;;:;;:;;:;;:;;:;;:;;:;;:;;:;
AMSTERDAM/SCHIPHOL airport - Unknown airport - SOUTH KOREA;:;;:;;:;;:;;:;;:;;:;;:;;:;;:;;:;;:;;:;;:;
AMSTERDAM/SCHIPHOL airport - INCHEON INTL airport;177,660;;195,042;;224,528;;226,638;;242,804;;246,960;;260,766;;288,082;;293,910;;296,494;;101,139;;92,416;;137,118;;255,249;
AMSTERDAM/SCHIPHOL airport - GIMPO airport;:;;:;;:;;:;;:;;:;;:;;:;;:;;:;;:;;:;;:;;:;
AMSTERDAM/SCHIPHOL airport - KUWAIT/INTL airport;:;;:;;:;;:;;:;;:;;78,042;;:;;:;;:;;:;;:;;:;;:;
AMSTERDAM/SCHIPHOL airport - KUWAIT/INTL airport;:;;:;;:;;:;;:;;:;;:;;:;;:;;:;;:;;:;;:;;:;
AMSTERDAM/SCHIPHOL airport - ALMATY airport;:;;80,343;;77,407;;89,682;;80,859;;:;;:;;:;;:;;:;;:;;:;;:;;:;
AMSTERDAM/SCHIPHOL airport - BEIRUT/BEIRUT INTL airport;:;;:;;:;;:;;:;;:;;:;;:;;:;;:;;:;;:;;:;;:;
AMSTERDAM/SCHIPHOL airport - KATUNAYAKE/BANDARANAIKE INTERNATIONAL airport COLOMBO airport;:;;:;;:;;:;;:;;:;;:;;:;;:;;:;;:;;:;;:;;:;
AMSTERDAM/SCHIPHOL airport - VILNIUS INTL airport;:;;:;;:;;:;;:;;:;;:;;:;;:;;:;;:;;:;;:;;84,521;
AMSTERDAM/SCHIPHOL airport - LUXEMBOURG airport;93,676;;105,590;;115,746;;124,416;;135,159;;148,490;;164,804;;168,231;;181,075;;185,681;;:;;96,070;;125,654;;160,758;
AMSTERDAM/SCHIPHOL airport - RIGA airport;:;;94,757;;97,905;;105,067;;121,370;;117,428;;128,782;;142,603;;156,979;;161,059;;:;;85,163;;145,481;;182,134;
AMSTERDAM/SCHIPHOL airport - CASABLANCA/MOHAMMED V airport;138,494;;114,773;;89,118;;112,622;;115,783;;126,518;;134,181;;132,546;;131,947;;132,723;;:;;:;;83,489;;137,324;
AMSTERDAM/SCHIPHOL airport - NADOR/EL AROUI airport;:;;93,077;;107,605;;120,110;;108,822;;94,810;;102,803;;94,242;;83,965;;:;;:;;:;;:;;:;
AMSTERDAM/SCHIPHOL airport - MARRAKECH/MENARA airport;:;;:;;:;;95,583;;96,931;;90,928;;94,570;;96,127;;113,489;;136,389;;:;;:;;84,456;;137,162;
AMSTERDAM/SCHIPHOL airport - TANGER/IBN BATOUTA airport;:;;83,883;;87,338;;83,360;;75,909;;78,007;;79,824;;89,546;;85,198;;75,644;;:;;:;;79,559;;91,450;
AMSTERDAM/SCHIPHOL airport - LUQA airport;:;;:;;:;;:;;77,733;;95,384;;103,865;;118,438;;110,037;;94,583;;:;;:;;101,088;;109,216;
AMSTERDAM/SCHIPHOL airport - MEXICO airport;176,717;;183,519;;187,859;;189,115;;194,071;;199,790;;252,398;;311,638;;334,163;;348,241;;148,237;;227,460;;344,083;;339,725;
AMSTERDAM/SCHIPHOL airport - CANCUN airport;108,375;;96,766;;:;;:;;:;;:;;:;;:;;:;;:;;:;;:;;91,345;;:;
AMSTERDAM/SCHIPHOL airport - SEPANG/KL INTERNATIONAL airport;454,929;;462,017;;458,235;;475,536;;440,600;;425,008;;203,296;;192,354;;127,750;;125,937;;:;;:;;:;;:;
AMSTERDAM/SCHIPHOL airport - LAGOS/MURTALA MUHAMMED airport;165,361;;173,662;;162,755;;173,833;;163,687;;179,315;;185,867;;185,829;;188,871;;184,290;;:;;84,259;;146,110;;171,898;
AMSTERDAM/SCHIPHOL airport - MAASTRICHT/AACHEN airport;:;;:;;:;;:;;:;;:;;:;;:;;:;;:;;:;;:;;:;;:;
AMSTERDAM/SCHIPHOL airport - EINDHOVEN airport;:;;:;;:;;:;;:;;:;;:;;:;;:;;:;;:;;:;;:;;:;
AMSTERDAM/SCHIPHOL airport - ALESUND/VIGRA airport;:;;:;;:;;:;;87,221;;93,637;;84,370;;84,474;;83,826;;89,038;;:;;:;;:;;:;
AMSTERDAM/SCHIPHOL airport - BERGEN/FLESLAND airport;232,595;;252,955;;283,683;;261,126;;291,846;;313,495;;314,163;;345,907;;356,301;;368,348;;109,614;;130,433;;305,605;;345,837;
AMSTERDAM/SCHIPHOL airport - LUFTFARTSTILSYNET CIVIL AVIATION AUTHORITY airport;:;;:;;:;;:;;:;;:;;:;;:;;:;;:;;:;;:;;:;;:;
AMSTERDAM/SCHIPHOL airport - KRISTIANSAND/KJEVIK airport;86,024;;109,246;;126,268;;126,417;;132,670;;135,310;;135,795;;133,625;;130,332;;133,723;;:;;:;;87,792;;109,374;
AMSTERDAM/SCHIPHOL airport - STATFJORD B airport;:;;:;;:;;:;;:;;:;;:;;:;;:;;:;;:;;:;;:;;:;
AMSTERDAM/SCHIPHOL airport - OSLO/GARDERMOEN airport;542,576;;596,747;;612,627;;604,646;;614,316;;641,112;;686,985;;707,428;;712,256;;723,482;;229,529;;222,098;;574,143;;674,092;
AMSTERDAM/SCHIPHOL airport - SANDEFJORD/TORP airport;82,895;;89,933;;113,681;;111,556;;108,203;;116,941;;114,004;;114,464;;108,603;;108,892;;:;;:;;:;;89,288;
AMSTERDAM/SCHIPHOL airport - TRONDHEIM/ST. OLAVS HOSPITAL airport;:;;:;;:;;:;;:;;:;;:;;:;;:;;:;;:;;:;;:;;:;
AMSTERDAM/SCHIPHOL airport - TRONDHEIM/VAERNES airport;111,407;;143,000;;160,922;;166,162;;162,803;;160,918;;162,747;;159,415;;151,441;;155,109;;:;;:;;127,762;;137,771;
AMSTERDAM/SCHIPHOL airport - STAVANGER/SOLA airport;255,628;;289,773;;311,188;;298,741;;285,955;;274,473;;273,749;;275,620;;281,881;;297,152;;90,466;;103,563;;209,919;;250,231;
AMSTERDAM/SCHIPHOL airport - MUSCAT/MUSCAT INTL airport;:;;:;;:;;:;;:;;:;;75,407;;:;;:;;:;;:;;:;;:;;:;
AMSTERDAM/SCHIPHOL airport - PANAMA/TOCUMEN airport;133,776;;162,888;;200,289;;234,251;;242,336;;241,899;;241,427;;246,351;;236,470;;240,531;;83,712;;160,996;;243,140;;228,717;
AMSTERDAM/SCHIPHOL airport - LIMA-CALLAO/INTL JORGE CHAVEZ airport;200,902;;224,579;;224,101;;247,090;;253,104;;255,781;;:;;:;;:;;:;;:;;:;;:;;:;
AMSTERDAM/SCHIPHOL airport - LIMA-CALLAO/INTL. JORGE CHAVEZ airport;:;;:;;:;;:;;:;;:;;210,822;;273,288;;282,008;;267,850;;:;;109,019;;252,284;;234,192;
AMSTERDAM/SCHIPHOL airport - MANILA/NINOY AQUINO INTL airport;245,796;;239,543;;:;;:;;:;;:;;113,200;;127,070;;119,625;;118,330;;:;;:;;97,682;;75,460;
AMSTERDAM/SCHIPHOL airport - MALABANG, LANAO DEL SUR airport;:;;:;;:;;:;;:;;:;;:;;:;;:;;:;;:;;:;;:;;:;
AMSTERDAM/SCHIPHOL airport - GDANSK IM LECHA WALESY airport;:;;:;;:;;:;;:;;:;;:;;:;;120,331;;151,358;;:;;125,539;;139,968;;164,735;
AMSTERDAM/SCHIPHOL airport - KRAKOW/BALICE airport;:;;:;;:;;:;;:;;:;;115,849;;131,993;;169,284;;211,139;;75,337;;107,441;;157,682;;200,849;
AMSTERDAM/SCHIPHOL airport - WARSZAWA/CHOPINA airport;285,792;;329,573;;339,697;;350,514;;370,948;;377,467;;415,990;;462,137;;495,000;;512,020;;160,738;;217,086;;418,210;;555,219;
AMSTERDAM/SCHIPHOL airport - FARO airport;203,835;;233,081;;249,162;;241,396;;241,950;;247,431;;352,931;;330,993;;273,286;;245,616;;110,269;;152,935;;229,279;;257,680;
AMSTERDAM/SCHIPHOL airport - MADEIRA airport;:;;:;;:;;:;;:;;:;;82,450;;87,467;;83,284;;84,813;;:;;:;;84,572;;102,493;
AMSTERDAM/SCHIPHOL airport - PORTO airport;:;;:;;:;;89,452;;124,457;;128,217;;188,524;;274,717;;345,055;;343,529;;117,441;;177,923;;318,351;;348,645;
AMSTERDAM/SCHIPHOL airport - LISBOA airport;437,184;;479,739;;587,130;;672,371;;668,913;;670,011;;773,831;;856,993;;896,373;;928,478;;332,296;;442,593;;901,568;;1,007,840;
AMSTERDAM/SCHIPHOL airport - DOHA INTERNATIONAL airport;:;;:;;:;;102,074;;109,875;;:;;:;;:;;:;;:;;:;;:;;:;;:;
AMSTERDAM/SCHIPHOL airport - HAMAD INTERNATIONAL airport;:;;:;;:;;:;;:;;182,124;;282,904;;231,300;;206,232;;220,144;;96,010;;96,070;;234,239;;321,913;
AMSTERDAM/SCHIPHOL airport - BUCURESTI/HENRI COANDA airport;288,125;;309,006;;329,810;;363,506;;394,392;;408,676;;428,393;;439,820;;471,028;;480,825;;166,396;;280,338;;439,552;;420,657;
AMSTERDAM/SCHIPHOL airport - BEOGRAD/NIKOLA TESLA airport;:;;:;;:;;:;;:;;103,157;;110,372;;136,920;;180,545;;176,453;;:;;82,289;;165,694;;205,964;
AMSTERDAM/SCHIPHOL airport - SANKT-PETERBURG/PULKOVO airport;109,448;;128,667;;134,893;;108,234;;105,622;;91,908;;108,308;;177,110;;170,170;;164,215;;:;;:;;:;;:;
AMSTERDAM/SCHIPHOL airport - MOSCOW/SHEREMETYEVO airport;314,206;;349,275;;375,963;;390,750;;472,519;;508,302;;519,232;;554,038;;602,386;;613,052;;131,566;;205,732;;:;;:;
AMSTERDAM/SCHIPHOL airport - KIGALI INTERNATIONAL airport;:;;:;;:;;:;;:;;76,542;;145,754;;171,839;;178,253;;180,627;;:;;84,572;;131,890;;132,604;
AMSTERDAM/SCHIPHOL airport - DAMMAM/KING FAHD INTERNATIONAL airport;86,031;;97,117;;:;;:;;:;;:;;:;;:;;:;;:;;:;;:;;:;;:;
AMSTERDAM/SCHIPHOL airport - JEDDAH/KING ABDULAZIZ INTERNATIONAL airport;:;;:;;:;;:;;:;;:;;:;;:;;:;;:;;:;;:;;75,365;;94,164;
AMSTERDAM/SCHIPHOL airport - RIYADH/KING KHALED INTERNATIONAL airport;:;;:;;:;;:;;:;;:;;:;;:;;:;;:;;:;;:;;75,057;;120,990;
AMSTERDAM/SCHIPHOL airport - GOTEBORG/LANDVETTER airport;264,965;;275,836;;278,149;;270,360;;265,917;;297,502;;321,894;;368,001;;372,644;;364,256;;146,918;;163,734;;283,341;;304,702;
AMSTERDAM/SCHIPHOL airport - MALMO airport;:;;:;;:;;:;;:;;:;;:;;:;;:;;:;;:;;:;;:;;:;
AMSTERDAM/SCHIPHOL airport - STOCKHOLM/ARLANDA airport;511,216;;564,310;;630,033;;660,149;;691,498;;738,766;;780,884;;866,759;;857,209;;863,475;;301,921;;340,257;;672,564;;778,151;
AMSTERDAM/SCHIPHOL airport - LINKOPING/SAAB airport;78,228;;87,545;;100,479;;107,438;;108,404;;125,973;;133,817;;140,402;;143,013;;142,699;;:;;:;;80,436;;117,581;
AMSTERDAM/SCHIPHOL airport - SINGAPORE/CHANGI airport;414,883;;412,386;;439,865;;434,411;;427,274;;446,084;;324,664;;303,382;;307,597;;309,725;;85,771;;:;;276,091;;309,289;
AMSTERDAM/SCHIPHOL airport - LJUBLJANA/BRNIK airport;:;;:;;:;;:;;:;;:;;:;;76,015;;89,894;;83,848;;:;;:;;:;;:;
AMSTERDAM/SCHIPHOL airport - JOHAN ADOLF PENGEL airport;264,489;;267,195;;258,824;;256,480;;251,626;;261,488;;253,867;;263,205;;274,314;;290,426;;92,880;;90,338;;247,005;;290,896;
AMSTERDAM/SCHIPHOL airport - DAMASCUS/INTL airport;:;;:;;:;;:;;:;;:;;:;;:;;:;;:;;:;;:;;:;;:;
AMSTERDAM/SCHIPHOL airport - BANGKOK/DON MUEANG INTL airport;:;;:;;:;;:;;:;;:;;:;;:;;:;;:;;:;;:;;:;;:;
AMSTERDAM/SCHIPHOL airport - BANGKOK/SUVARNABHUMI INTL airport;491,437;;519,807;;521,152;;516,833;;496,373;;497,787;;418,626;;332,736;;333,001;;328,501;;108,666;;:;;167,244;;272,131;
AMSTERDAM/SCHIPHOL airport - MONASTIR/HABIB BOURGUIBA airport;:;;:;;:;;:;;:;;:;;:;;:;;:;;:;;:;;:;;:;;:;
AMSTERDAM/SCHIPHOL airport - ENFIDHA ZINE EL ABIDINE BEN ALI airport;:;;:;;80,410;;87,351;;77,339;;:;;:;;:;;:;;:;;:;;:;;:;;:;
AMSTERDAM/SCHIPHOL airport - ANKARA/ESENBOGA airport;:;;:;;:;;:;;:;;:;;:;;:;;:;;:;;:;;:;;:;;:;
AMSTERDAM/SCHIPHOL airport - ANTALYA (MIL-CIV) airport;604,485;;734,803;;715,660;;741,761;;714,327;;577,235;;445,646;;354,716;;386,255;;429,265;;:;;158,945;;380,418;;319,032;
AMSTERDAM/SCHIPHOL airport - ISTANBUL/ATATURK airport;478,947;;528,518;;611,814;;612,766;;628,552;;775,468;;789,922;;808,022;;:;;:;;:;;:;;:;;:;
AMSTERDAM/SCHIPHOL airport - IZMIR/ADNAN MENDERES airport;143,683;;151,727;;151,704;;137,392;;162,642;;151,570;;112,932;;105,402;;125,468;;126,307;;:;;76,904;;129,004;;149,591;
AMSTERDAM/SCHIPHOL airport - MUGLA/DALAMAN airport;115,726;;131,860;;169,028;;168,483;;165,670;;151,952;;81,732;;78,682;;84,258;;89,934;;:;;:;;:;;:;
AMSTERDAM/SCHIPHOL airport - MUGLA/MILAS-BODRUM airport;156,947;;195,688;;232,997;;237,795;;196,891;;176,158;;124,735;;91,886;;109,723;;97,817;;:;;:;;:;;:;
AMSTERDAM/SCHIPHOL airport - GAZIPASA-ALANYA airport;:;;:;;:;;:;;107,098;;103,699;;:;;:;;:;;:;;:;;:;;:;;:;
AMSTERDAM/SCHIPHOL airport - ISTANBUL/SABIHA GOKCEN airport;224,165;;232,674;;227,896;;351,979;;400,916;;353,634;;395,675;;415,669;;439,920;;441,376;;211,258;;376,486;;485,134;;583,958;
AMSTERDAM/SCHIPHOL airport - ISTANBUL/ISTANBUL HAVALIMANI airport;:;;:;;:;;:;;:;;:;;:;;:;;790,360;;917,963;;321,425;;474,374;;798,103;;792,412;
AMSTERDAM/SCHIPHOL airport - TAIBEI CITY/TAIBEI INTL AP airport;:;;:;;175,950;;245,062;;255,981;;268,763;;248,308;;286,494;;278,996;;280,361;;:;;:;;76,253;;186,278;
AMSTERDAM/SCHIPHOL airport - DAR ES SALAAM/JULIUS NYERERE airport;:;;:;;:;;:;;:;;:;;77,220;;100,323;;102,613;;:;;:;;:;;:;;:;
AMSTERDAM/SCHIPHOL airport - KILIMANJARO APP, TWR, AIS, MET, CIVIL AIRLINES airport;186,434;;187,772;;192,037;;179,709;;165,268;;135,684;;105,520;;98,097;;100,804;;145,301;;:;;79,790;;151,431;;163,948;
AMSTERDAM/SCHIPHOL airport - ZANZIBAR - KISAUNI airport;:;;:;;:;;:;;:;;:;;:;;:;;:;;:;;:;;:;;77,106;;:;
AMSTERDAM/SCHIPHOL airport - KYIV/BORYSPIL airport;150,108;;169,484;;254,585;;303,887;;237,568;;292,624;;352,053;;383,485;;258,562;;232,858;;127,172;;225,840;;:;;:;
AMSTERDAM/SCHIPHOL airport - ENTEBBE (INTL) airport;94,189;;:;;:;;:;;79,868;;102,871;;:;;:;;:;;:;;:;;:;;:;;:;
AMSTERDAM/SCHIPHOL airport - BELFAST/ALDERGROVE airport;90,311;;101,971;;116,530;;104,286;;97,234;;101,814;;122,249;;122,230;;130,891;;130,098;;:;;:;;:;;:;
AMSTERDAM/SCHIPHOL airport - BIRMINGHAM airport;430,909;;477,668;;446,983;;461,498;;509,685;;566,821;;634,319;;678,081;;706,134;;704,510;;182,704;;125,360;;432,326;;519,001;
AMSTERDAM/SCHIPHOL airport - COVENTRY airport;:;;:;;:;;:;;:;;:;;:;;:;;:;;:;;:;;:;;:;;:;
AMSTERDAM/SCHIPHOL airport - MANCHESTER airport;442,584;;629,101;;674,327;;691,902;;732,710;;857,860;;1,021,278;;1,048,747;;1,042,886;;1,069,549;;348,913;;227,274;;707,150;;947,735;
AMSTERDAM/SCHIPHOL airport - CARDIFF airport;125,755;;122,473;;112,737;;117,376;;123,255;;129,839;;134,341;;134,044;;146,137;;162,079;;:;;:;;:;;113,575;
AMSTERDAM/SCHIPHOL airport - BRISTOL airport;223,832;;292,788;;309,920;;320,554;;349,347;;384,043;;408,627;;409,208;;432,512;;457,727;;118,288;;:;;348,064;;474,347;
AMSTERDAM/SCHIPHOL airport - LIVERPOOL airport;350,195;;349,648;;247,247;;206,875;;204,490;;227,680;;257,784;;221,350;;220,139;;240,650;;:;;:;;142,922;;103,194;
AMSTERDAM/SCHIPHOL airport - LONDON LUTON airport;240,137;;287,434;;327,397;;353,510;;380,717;;419,666;;609,599;;785,833;;832,420;;846,434;;201,780;;:;;413,558;;567,347;
AMSTERDAM/SCHIPHOL airport - SOUTHAMPTON airport;109,938;;117,437;;97,944;;103,518;;124,801;;127,713;;188,190;;229,531;;233,262;;178,062;;:;;:;;:;;86,352;
AMSTERDAM/SCHIPHOL airport - LONDON GATWICK airport;556,056;;635,873;;678,768;;751,138;;881,175;;1,054,105;;1,073,460;;1,074,390;;1,083,220;;1,096,874;;262,910;;:;;605,428;;831,080;
AMSTERDAM/SCHIPHOL airport - LONDON/CITY airport;364,564;;386,173;;389,818;;409,682;;415,850;;488,704;;518,140;;601,022;;625,954;;669,508;;134,931;;81,705;;394,160;;518,184;
AMSTERDAM/SCHIPHOL airport - LONDON HEATHROW airport;1,333,195;;1,406,964;;1,430,717;;1,444,256;;1,486,759;;1,587,649;;1,617,170;;1,689,314;;1,745,978;;1,747,789;;525,529;;350,153;;1,140,162;;1,385,522;
AMSTERDAM/SCHIPHOL airport - SOUTHEND airport;:;;:;;107,466;;149,202;;200,821;;215,723;;207,229;;191,513;;195,455;;202,574;;:;;:;;:;;:;
AMSTERDAM/SCHIPHOL airport - HUMBERSIDE airport;113,296;;118,840;;113,795;;113,579;;117,925;;121,700;;118,021;;117,833;;127,550;;135,186;;:;;:;;:;;87,756;
AMSTERDAM/SCHIPHOL airport - LEEDS BRADFORD airport;227,334;;239,522;;221,349;;218,521;;242,494;;251,243;;253,831;;241,881;;252,923;;266,731;;:;;:;;135,745;;156,351;
AMSTERDAM/SCHIPHOL airport - NEWCASTLE airport;244,642;;259,759;;285,156;;357,817;;367,816;;380,739;;366,254;;368,496;;348,998;;364,167;;115,779;;95,664;;256,684;;309,580;
AMSTERDAM/SCHIPHOL airport - DURHAM TEES VALLEY airport;101,967;;103,989;;101,530;;98,079;;102,331;;105,972;;103,359;;98,546;;110,520;;118,134;;:;;:;;:;;90,122;
AMSTERDAM/SCHIPHOL airport - EAST MIDLANDS airport;101,626;;105,467;;:;;:;;:;;:;;:;;:;;:;;:;;:;;:;;:;;:;
AMSTERDAM/SCHIPHOL airport - ABERDEEN/DYCE airport;248,095;;272,233;;281,420;;292,104;;307,819;;306,581;;281,394;;263,544;;291,275;;320,179;;112,157;;92,452;;213,904;;266,404;
AMSTERDAM/SCHIPHOL airport - INVERNESS airport;:;;:;;:;;:;;:;;:;;:;;75,656;;81,612;;99,462;;:;;:;;:;;81,954;
AMSTERDAM/SCHIPHOL airport - GLASGOW airport;261,043;;298,565;;370,998;;389,574;;414,378;;425,289;;436,425;;448,299;;417,778;;440,053;;116,604;;96,610;;338,228;;380,411;
AMSTERDAM/SCHIPHOL airport - EDINBURGH airport;494,717;;564,144;;565,811;;561,131;;600,878;;619,472;;649,349;;679,733;;678,561;;679,190;;171,836;;131,130;;470,962;;593,267;
AMSTERDAM/SCHIPHOL airport - NORWICH airport;121,755;;125,060;;123,597;;133,427;;139,741;;144,994;;147,034;;141,936;;147,667;;166,510;;:;;:;;:;;116,867;
AMSTERDAM/SCHIPHOL airport - LONDON STANSTED airport;285,834;;354,263;;292,442;;273,083;;279,529;;300,664;;326,554;;339,150;;355,870;;363,903;;86,084;;:;;124,568;;175,257;
AMSTERDAM/SCHIPHOL airport - HARTSFIELD - JACKSON ATLANTA INTERNATIONAL, GA. airport;352,672;;465,853;;540,499;;609,247;;651,795;;777,557;;777,309;;802,451;;812,111;;808,734;;307,308;;432,296;;755,250;;794,337;
AMSTERDAM/SCHIPHOL airport - BOSTON/GENERAL EDWARD LAWRENCE LOGAN INTERNATIONAL, MA. airport;215,992;;246,898;;251,273;;271,123;;258,460;;254,928;;263,993;;287,317;;274,919;;335,489;;:;;106,774;;309,940;;388,802;
AMSTERDAM/SCHIPHOL airport - COVINGTON-CINCINNATI/NORTHERN KENTUCKY INTERNATIONAL, KY. airport;:;;:;;:;;:;;:;;:;;:;;:;;:;;:;;:;;:;;:;;:;
AMSTERDAM/SCHIPHOL airport - DALLAS-FORT WORTH INTERNATIONAL, TX. airport;88,884;;79,459;;:;;:;;:;;:;;:;;:;;:;;:;;:;;:;;79,145;;:;
AMSTERDAM/SCHIPHOL airport - DETROIT METROPOLITAN WAYNE COUNTY, MI. airport;633,737;;610,483;;631,128;;651,381;;622,462;;598,171;;538,326;;565,683;;621,336;;628,355;;146,858;;123,207;;430,689;;525,621;
AMSTERDAM/SCHIPHOL airport - NEWARK LIBERTY INTERNATIONAL, NJ. airport;291,751;;266,583;;222,944;;236,596;;232,137;;226,142;;244,950;;235,451;;163,900;;156,174;;:;;:;;154,331;;170,597;
AMSTERDAM/SCHIPHOL airport - WASHINGTON DULLES INTERNATIONAL, DC. airport;288,754;;256,368;;268,882;;274,250;;262,013;;262,711;;270,830;;309,898;;315,025;;314,739;;:;;:;;172,507;;256,071;
AMSTERDAM/SCHIPHOL airport - GEORGE BUSH INTERCONTINENTAL/HOUSTON, TX. airport;295,369;;305,049;;304,376;;317,751;;337,796;;311,191;;309,470;;310,421;;341,435;;335,894;;75,111;;:;;260,616;;292,667;
AMSTERDAM/SCHIPHOL airport - NEW YORK/JOHN F. KENNEDY INTERNATIONAL, NY. airport;520,648;;563,541;;586,187;;630,229;;670,317;;663,796;;677,994;;682,559;;880,868;;1,020,570;;254,341;;264,588;;731,791;;862,101;
AMSTERDAM/SCHIPHOL airport - LAS VEGAS/MCCARRAN INTERNATIONAL, NV. airport;:;;:;;:;;:;;:;;:;;:;;:;;:;;:;;:;;:;;111,004;;116,185;
AMSTERDAM/SCHIPHOL airport - LOS ANGELES INTERNATIONAL, CA. airport;214,857;;219,949;;240,444;;260,742;;261,476;;281,596;;296,797;;316,032;;410,238;;392,143;;81,592;;121,862;;305,897;;301,462;
AMSTERDAM/SCHIPHOL airport - ORLANDO INTERNATIONAL, FL. airport;:;;:;;:;;:;;:;;:;;:;;:;;92,800;;111,927;;:;;:;;:;;:;
AMSTERDAM/SCHIPHOL airport - MEMPHIS INTERNATIONAL, TENN. airport;127,562;;105,175;;:;;:;;:;;:;;:;;:;;:;;:;;:;;:;;:;;:;
AMSTERDAM/SCHIPHOL airport - MIAMI INTERNATIONAL, FL. airport;:;;98,038;;:;;:;;:;;:;;:;;:;;:;;:;;:;;:;;:;;:;
AMSTERDAM/SCHIPHOL airport - MINNEAPOLIS-ST. PAUL INTERNATIONAL (WOLD CHAMBERLAIN), MN. airport;463,064;;448,059;;438,910;;465,569;;457,090;;471,067;;451,627;;537,956;;552,291;;566,998;;83,385;;120,615;;398,833;;523,052;
AMSTERDAM/SCHIPHOL airport - CHICAGO - O'HARE INTERNATIONAL, IL. airport;262,716;;264,875;;260,992;;255,269;;249,852;;248,456;;247,846;;255,367;;295,411;;289,250;;:;;104,566;;269,927;;299,014;
AMSTERDAM/SCHIPHOL airport - ORLANDO, FLA. airport;82,357;;:;;:;;:;;:;;:;;:;;:;;:;;:;;:;;:;;:;;:;
AMSTERDAM/SCHIPHOL airport - PORTLAND INTERNATIONAL, OR. airport;113,303;;125,510;;134,467;;149,919;;146,898;;151,677;;158,626;;158,065;;162,526;;156,863;;:;;:;;101,632;;160,162;
AMSTERDAM/SCHIPHOL airport - PHILADELPHIA INTERNATIONAL, PA. airport;89,735;;95,054;;98,564;;98,872;;94,927;;94,500;;94,053;;91,735;;108,043;;117,892;;:;;:;;98,444;;125,383;
AMSTERDAM/SCHIPHOL airport - SEATTLE/SEATTLE-TACOMA INTERNATIONAL, WA. airport;214,825;;242,923;;236,992;;276,331;;255,569;;259,417;;259,745;;272,385;;277,143;;269,036;;:;;110,449;;265,596;;288,664;
AMSTERDAM/SCHIPHOL airport - SAN FRANCISCO/INTL,CA. airport;214,540;;222,079;;223,238;;221,345;;225,517;;227,710;;257,216;;283,386;;299,908;;407,537;;:;;:;;305,821;;274,158;
AMSTERDAM/SCHIPHOL airport - SALT LAKE CITY INTERNATIONAL, UT. airport;:;;:;;:;;:;;:;;:;;126,604;;172,390;;179,100;;185,970;;:;;:;;214,285;;222,944;
AMSTERDAM/SCHIPHOL airport - MARGARITA, NUEVA ESPARTA airport;:;;:;;:;;:;;:;;:;;:;;:;;:;;:;;:;;:;;:;;:;
AMSTERDAM/SCHIPHOL airport - MAIQUETIA, INTL, SIMON BOLIVAR, VARGAS airport;:;;:;;:;;:;;:;;:;;:;;:;;:;;:;;:;;:;;:;;:;
AMSTERDAM/SCHIPHOL airport - CAPE TOWN (CAPE TOWN INTERNATIONAL airport) airport;177,873;;180,557;;189,156;;167,992;;186,366;;185,070;;215,485;;232,511;;250,069;;261,109;;86,790;;:;;220,305;;277,140;
AMSTERDAM/SCHIPHOL airport - O.R TAMBO INTERNATIONAL airport;203,261;;196,994;;201,616;;209,927;;215,885;;:;;:;;:;;:;;:;;:;;:;;:;;:;
AMSTERDAM/SCHIPHOL airport - OLIFANTS RIVER BRIDGE airport;:;;:;;:;;:;;:;;210,799;;219,326;;223,241;;230,137;;238,038;;81,041;;76,893;;222,925;;249,055;
MAASTRICHT/AACHEN airport - BERLIN-BRANDENBURG airport;:;;49,685;;29,679;;:;;:;;:;;:;;:;;:;;:;;:;;:;;:;;:;
MAASTRICHT/AACHEN airport - MUENCHEN airport;:;;:;;:;;:;;:;;:;;:;;:;;:;;:;;:;;:;;:;;:;
MAASTRICHT/AACHEN airport - HURGHADA / INTL airport;:;;:;;:;;:;;:;;:;;:;;:;;:;;27,304;;:;;:;;:;;:;
MAASTRICHT/AACHEN airport - IRAKLION/NIKOS KAZANTZAKIS airport;:;;16,158;;16,216;;16,382;;15,598;;14,580;;:;;17,253;;22,175;;31,755;;:;;:;;30,390;;14,401;
MAASTRICHT/AACHEN airport - KOS/IPPOKRATIS airport;:;;:;;:;;:;;:;;:;;:;;:;;22,321;;18,244;;:;;:;;11,556;;:;
MAASTRICHT/AACHEN airport - RODOS/DIAGORAS airport;:;;:;;:;;:;;:;;:;;:;;:;;20,276;;19,147;;:;;:;;14,024;;10,178;
MAASTRICHT/AACHEN airport - ZAKINTHOS/DIONISIOS SOLOMOS airport;:;;:;;:;;:;;:;;:;;:;;:;;:;;:;;:;;:;;:;;12,789;
MAASTRICHT/AACHEN airport - GRAN CANARIA airport;:;;:;;:;;:;;:;;:;;:;;:;;:;;:;;:;;:;;:;;:;
MAASTRICHT/AACHEN airport - TENERIFE SUR/REINA SOFIA airport;:;;21,607;;:;;16,620;;17,300;;:;;:;;:;;:;;:;;:;;:;;:;;:;
MAASTRICHT/AACHEN airport - ALICANTE airport;57,068;;57,441;;40,374;;48,225;;44,958;;45,589;;46,272;;46,094;;46,080;;47,308;;:;;:;;35,834;;33,578;
MAASTRICHT/AACHEN airport - BARCELONA/EL PRAT airport;:;;:;;:;;:;;:;;:;;:;;:;;:;;:;;:;;:;;26,280;;28,990;
MAASTRICHT/AACHEN airport - GIRONA airport;32,805;;30,506;;31,572;;42,346;;31,408;;23,308;;22,868;;22,740;;17,961;;20,790;;:;;:;;:;;:;
MAASTRICHT/AACHEN airport - MALAGA/COSTA DEL SOL airport;24,486;;25,346;;21,191;;19,995;;:;;:;;:;;:;;:;;:;;:;;:;;:;;:;
MAASTRICHT/AACHEN airport - PALMA DE MALLORCA airport;:;;:;;24,858;;27,277;;17,397;;:;;:;;:;;:;;:;;:;;:;;:;;:;
MAASTRICHT/AACHEN airport - REUS airport;18,828;;24,405;;:;;:;;:;;:;;:;;:;;:;;:;;:;;:;;:;;:;
MAASTRICHT/AACHEN airport - VALENCIA airport;:;;:;;:;;:;;:;;:;;:;;:;;:;;:;;:;;:;;:;;:;
MAASTRICHT/AACHEN airport - BUDAPEST/LISZT FERENC INTERNATIONAL airport;:;;:;;:;;:;;:;;16,937;;:;;:;;:;;:;;:;;:;;:;;:;
MAASTRICHT/AACHEN airport - DUBLIN airport;:;;:;;:;;31,650;;:;;:;;:;;:;;:;;:;;:;;:;;:;;:;
MAASTRICHT/AACHEN airport - BARI/PALESE airport;:;;:;;15,999;;18,784;;18,009;;19,695;;19,543;;20,500;;20,966;;19,459;;:;;:;;25,394;;22,668;
MAASTRICHT/AACHEN airport - TRAPANI/BIRGI airport;23,508;;25,878;;27,890;;29,135;;25,030;;:;;:;;:;;:;;:;;:;;:;;:;;:;
MAASTRICHT/AACHEN airport - BERGAMO/ORIO AL SERIO airport;:;;:;;21,851;;30,588;;:;;:;;:;;:;;:;;:;;:;;:;;:;;:;
MAASTRICHT/AACHEN airport - TREVISO/S.ANGELO airport;:;;:;;:;;21,217;;:;;:;;:;;:;;:;;:;;:;;:;;:;;:;
MAASTRICHT/AACHEN airport - PISA/S. GIUSTO airport;13,944;;16,204;;16,819;;19,407;;:;;:;;:;;:;;:;;:;;:;;:;;:;;:;
MAASTRICHT/AACHEN airport - LUQA airport;:;;:;;:;;:;;:;;:;;:;;:;;:;;26,397;;:;;:;;:;;:;
MAASTRICHT/AACHEN airport - AMSTERDAM/SCHIPHOL airport;:;;:;;:;;:;;:;;:;;:;;:;;:;;:;;:;;:;;:;;:;
MAASTRICHT/AACHEN airport - ROTTERDAM airport;:;;:;;:;;:;;:;;:;;:;;:;;:;;:;;:;;:;;:;;:;
MAASTRICHT/AACHEN airport - KATOWICE/PYRZOWICE airport;:;;:;;:;;:;;:;;29,189;;32,047;;27,314;;:;;:;;:;;:;;:;;:;
MAASTRICHT/AACHEN airport - FARO airport;30,980;;30,295;;19,092;;21,479;;21,063;;20,756;;:;;17,516;;:;;:;;:;;:;;:;;:;
MAASTRICHT/AACHEN airport - PORTO airport;:;;25,518;;19,435;;25,167;;22,738;;20,704;;:;;:;;:;;:;;:;;:;;:;;29,217;
MAASTRICHT/AACHEN airport - BUCURESTI/BANEASA-AUREL VLAICU airport;:;;:;;:;;:;;:;;:;;:;;:;;:;;:;;:;;:;;:;;:;
MAASTRICHT/AACHEN airport - ANTALYA (MIL-CIV) airport;12,619;;26,457;;19,414;;23,642;;26,626;;18,883;;:;;16,311;;38,255;;64,786;;:;;:;;46,035;;22,926;
MAASTRICHT/AACHEN airport - ISTANBUL/ATATURK airport;:;;:;;:;;:;;:;;:;;:;;:;;:;;:;;:;;:;;:;;:;
MAASTRICHT/AACHEN airport - MUGLA/DALAMAN airport;:;;:;;:;;:;;:;;:;;:;;:;;:;;:;;:;;:;;:;;:;
MAASTRICHT/AACHEN airport - MUGLA/MILAS-BODRUM airport;:;;:;;:;;:;;:;;:;;:;;:;;:;;18,559;;:;;:;;12,089;;:;
MAASTRICHT/AACHEN airport - LONDON STANSTED airport;:;;:;;:;;44,569;;:;;:;;:;;:;;:;;:;;:;;:;;22,910;;18,283;
EINDHOVEN airport - TIRANA airport;:;;:;;:;;:;;:;;:;;:;;:;;:;;:;;:;;:;;57,776;;99,620;
EINDHOVEN airport - INNSBRUCK airport;:;;:;;:;;22,163;;37,155;;38,042;;46,511;;40,386;;40,297;;47,950;;34,882;;:;;:;;44,800;
EINDHOVEN airport - WIEN-SCHWECHAT airport;:;;:;;:;;:;;:;;:;;:;;:;;:;;58,201;;48,683;;32,662;;62,140;;63,118;
EINDHOVEN airport - TUZLA airport;:;;:;;:;;:;;:;;31,419;;31,684;;:;;40,207;;48,153;;:;;21,293;;:;;:;
EINDHOVEN airport - SOFIA airport;36,493;;42,712;;45,287;;58,317;;64,004;;62,184;;87,426;;146,115;;150,090;;140,792;;92,979;;94,727;;150,701;;201,737;
EINDHOVEN airport - VARNA airport;:;;:;;:;;:;;:;;:;;:;;:;;:;;:;;32,588;;38,752;;50,650;;54,982;
EINDHOVEN airport - ZURICH airport;:;;:;;:;;:;;:;;:;;:;;:;;:;;:;;:;;:;;:;;:;
EINDHOVEN airport - PRAHA/RUZYNE airport;67,563;;55,575;;48,128;;:;;:;;:;;73,671;;142,027;;177,182;;138,097;;24,552;;:;;58,510;;75,693;
EINDHOVEN airport - BRNO/TURANY airport;:;;:;;26,698;;32,766;;29,744;;30,677;;28,112;;:;;:;;:;;:;;:;;:;;:;
EINDHOVEN airport - HAMBURG airport;:;;:;;:;;:;;:;;:;;:;;:;;:;;:;;:;;:;;:;;:;
EINDHOVEN airport - MUENCHEN airport;:;;:;;:;;:;;:;;:;;77,401;;48,053;;:;;:;;:;;:;;:;;:;
EINDHOVEN airport - BERLIN-TEGEL airport;:;;:;;22,075;;46,319;;48,906;;:;;:;;:;;:;;:;;:;;:;;:;;:;
EINDHOVEN airport - KOBENHAVN/KASTRUP airport;:;;:;;:;;28,525;;28,326;;69,591;;92,293;;67,675;;56,651;;57,795;;:;;:;;47,776;;46,336;
EINDHOVEN airport - ATHINAI/ELEFTHERIOS VENIZELOS airport;:;;:;;:;;:;;24,093;;45,523;;42,941;;51,434;;69,402;;119,109;;36,292;;33,372;;84,529;;91,403;
EINDHOVEN airport - IRAKLION/NIKOS KAZANTZAKIS airport;25,529;;:;;20,670;;:;;23,991;;22,424;;25,927;;50,618;;41,312;;68,108;;:;;45,043;;80,245;;81,472;
EINDHOVEN airport - KOS/IPPOKRATIS airport;:;;:;;:;;:;;:;;:;;29,630;;:;;40,954;;43,239;;:;;24,424;;40,760;;:;
EINDHOVEN airport - RODOS/DIAGORAS airport;:;;:;;:;;:;;:;;:;;:;;:;;:;;:;;:;;:;;44,746;;50,352;
EINDHOVEN airport - CHANIA/IOANNIS DASKALOGIANNIS airport;:;;:;;:;;:;;:;;20,887;;:;;:;;:;;:;;:;;:;;:;;:;
EINDHOVEN airport - THESSALONIKI/MAKEDONIA airport;:;;:;;:;;:;;:;;:;;:;;:;;44,886;;44,073;;:;;:;;:;;:;
EINDHOVEN airport - GRAN CANARIA airport;25,585;;53,403;;57,567;;43,475;;44,864;;49,088;;74,192;;104,225;;95,275;;82,504;;:;;40,059;;76,881;;84,762;
EINDHOVEN airport - LANZAROTE airport;:;;22,132;;:;;:;;22,312;;42,168;;54,708;;55,623;;52,450;;:;;:;;:;;:;;:;
EINDHOVEN airport - TENERIFE SUR/REINA SOFIA airport;:;;:;;:;;:;;:;;43,852;;49,112;;69,384;;68,716;;75,346;;:;;36,946;;89,438;;102,504;
EINDHOVEN airport - ALICANTE airport;100,830;;130,592;;128,448;;163,376;;180,531;;197,658;;218,068;;263,327;;273,968;;287,100;;107,624;;171,027;;303,597;;330,147;
EINDHOVEN AIRPORT - BILBAO AIRPORT;:;;:;;:;;:;;:;;:;;:;;:;;:;;:;;:;;:;;:;;:;
EINDHOVEN airport - BARCELONA/EL PRAT airport;:;;56,061;;70,400;;81,876;;89,482;;99,807;;147,626;;176,380;;154,676;;143,804;;23,624;;78,729;;185,564;;202,242;
EINDHOVEN airport - GIRONA airport;105,868;;86,268;;75,385;;75,486;;85,463;;85,115;;87,100;;96,124;;92,842;;96,515;;21,908;;:;;:;;:;
EINDHOVEN airport - IBIZA airport;:;;45,507;;50,800;;67,757;;90,579;;109,253;;125,987;;156,010;;165,700;;174,638;;33,194;;113,840;;154,832;;187,880;
EINDHOVEN airport - MURCIA/SAN JAVIER airport;:;;:;;:;;:;;:;;20,623;;25,598;;:;;:;;:;;:;;:;;:;;:;
EINDHOVEN airport - ADOLFO SUAREZ MADRID-BARAJAS airport;70,827;;60,312;;:;;39,917;;48,975;;54,602;;56,914;;63,947;;76,480;;74,743;;:;;22,810;;57,091;;54,795;
EINDHOVEN airport - MALAGA/COSTA DEL SOL airport;85,292;;132,833;;148,160;;163,711;;180,954;;194,216;;212,062;;273,467;;282,905;;293,959;;105,726;;172,373;;299,755;;343,001;
EINDHOVEN airport - PALMA DE MALLORCA airport;:;;61,238;;63,024;;73,035;;86,096;;101,546;;109,389;;134,308;;138,219;;151,690;;26,222;;85,146;;155,960;;165,484;
EINDHOVEN airport - REUS airport;59,479;;55,172;;44,889;;52,762;;61,236;;60,765;;62,246;;71,521;;64,507;;52,211;;:;;27,744;;54,418;;50,721;
EINDHOVEN airport - VALENCIA airport;:;;:;;26,306;;32,958;;38,036;;76,130;;84,623;;137,587;;210,056;;226,543;;53,204;;110,633;;237,120;;237,357;
EINDHOVEN airport - SEVILLA airport;:;;41,710;;31,416;;31,262;;33,260;;35,173;;34,228;;43,474;;86,074;;97,742;;30,032;;41,282;;105,934;;116,353;
EINDHOVEN airport - CARCASSONNE/SALVAZA airport;:;;:;;:;;20,249;;23,572;;:;;:;;:;;:;;:;;:;;:;;:;;:;
EINDHOVEN airport - MARSEILLE-PROVENCE airport;93,498;;41,294;;53,665;;54,773;;51,586;;56,200;;52,487;;55,160;;41,675;;45,037;;:;;:;;47,512;;42,345;
EINDHOVEN airport - NICE-COTE D'AZUR airport;:;;35,028;;31,389;;33,068;;42,277;;57,717;;63,781;;77,424;;82,079;;70,882;;:;;23,347;;64,478;;61,928;
EINDHOVEN airport - PARIS-CHARLES DE GAULLE airport;:;;:;;:;;:;;:;;:;;:;;:;;:;;:;;:;;:;;:;;:;
EINDHOVEN airport - ZAGREB/FRANJO TUDJMAN airport;:;;:;;:;;:;;:;;:;;:;;:;;:;;:;;:;;:;;:;;:;
EINDHOVEN airport - BUDAPEST/LISZT FERENC INTERNATIONAL airport;119,427;;145,006;;228,971;;207,820;;182,277;;196,539;;247,638;;262,474;;266,686;;295,534;;97,359;;87,625;;205,724;;249,251;
EINDHOVEN airport - DEBRECEN airport;:;;:;;:;;29,808;;30,716;;31,729;;39,301;;:;;41,869;;48,414;;:;;:;;:;;:;
EINDHOVEN airport - DUBLIN airport;76,433;;109,585;;100,292;;102,309;;127,359;;120,427;;112,965;;117,930;;115,787;;111,768;;20,432;;:;;55,492;;55,030;
EINDHOVEN airport - TEL-AVIV/BEN GURION airport;:;;:;;:;;:;;:;;:;;:;;:;;44,409;;50,264;;:;;:;;:;;:;
EINDHOVEN airport - PESCARA airport;36,973;;27,661;;:;;:;;:;;:;;:;;:;;:;;:;;:;;:;;:;;:;
EINDHOVEN airport - BRINDISI/CASALE airport;20,925;;:;;23,905;;32,249;;36,378;;38,818;;35,379;;:;;:;;:;;:;;:;;40,323;;45,620;
EINDHOVEN airport - CATANIA/FONTANAROSSA airport;:;;:;;:;;:;;35,560;;45,731;;47,501;;53,528;;50,003;;47,536;;:;;21,983;;43,510;;44,857;
EINDHOVEN airport - TRAPANI/BIRGI airport;30,076;;31,902;;27,742;;32,532;;28,039;;31,127;;27,138;;:;;:;;:;;:;;:;;:;;:;
EINDHOVEN airport - ALGHERO/FERTILIA airport;28,711;;39,953;;39,689;;37,312;;40,644;;41,446;;26,353;;:;;:;;:;;:;;:;;:;;:;
EINDHOVEN airport - MILANO/MALPENSA airport;:;;:;;:;;:;;:;;:;;:;;:;;:;;:;;28,558;;:;;:;;:;
EINDHOVEN airport - BERGAMO/ORIO AL SERIO airport;158,395;;119,689;;107,469;;110,336;;110,099;;117,103;;116,681;;121,993;;123,664;;122,258;;34,100;;52,740;;150,968;;171,757;
EINDHOVEN airport - TORINO/CASELLE airport;:;;:;;:;;:;;:;;43,773;;:;;:;;:;;:;;:;;:;;:;;:;
EINDHOVEN airport - BOLOGNA/BORGO PANIGALE airport;:;;:;;:;;31,311;;37,733;;38,474;;37,830;;93,289;;92,228;;110,487;;24,049;;49,457;;109,220;;113,944;
EINDHOVEN airport - TREVISO/S.ANGELO airport;:;;:;;:;;:;;33,038;;47,747;;47,696;;48,794;;51,397;;51,206;;:;;:;;40,948;;43,355;
EINDHOVEN airport - VENEZIA/TESSERA airport;:;;:;;:;;:;;29,940;;:;;:;;:;;:;;:;;:;;:;;:;;:;
EINDHOVEN airport - ROMA/CIAMPINO airport;125,800;;118,640;;117,724;;120,562;;130,984;;121,259;;112,953;;125,766;;119,962;;107,032;;25,353;;30,337;;:;;:;
EINDHOVEN airport - ROMA/FIUMICINO airport;:;;:;;:;;:;;:;;:;;:;;:;;:;;:;;:;;23,168;;145,323;;200,971;
EINDHOVEN airport - NAPOLI/CAPODICHINO airport;:;;:;;:;;34,831;;34,550;;:;;:;;:;;:;;:;;:;;:;;:;;:;
EINDHOVEN airport - PISA/S. GIUSTO airport;96,975;;88,272;;85,789;;98,493;;122,815;;119,099;;114,098;;120,035;;121,337;;120,723;;27,896;;54,664;;112,927;;113,628;
EINDHOVEN airport - KAUNAS INTL airport;:;;:;;:;;:;;:;;:;;:;;:;;:;;40,377;;:;;:;;:;;:;
EINDHOVEN airport - VILNIUS INTL airport;:;;22,012;;42,374;;47,847;;56,684;;61,149;;62,508;;58,006;;60,953;;52,541;;24,327;;29,945;;99,371;;107,437;
EINDHOVEN airport - RIGA airport;:;;:;;35,036;;34,392;;39,482;;41,913;;39,983;;44,643;;63,809;;51,766;;:;;:;;:;;:;
EINDHOVEN airport - FES/SAISS airport;:;;:;;:;;24,795;;35,408;;34,887;;34,093;;:;;:;;:;;:;;:;;:;;:;
EINDHOVEN airport - OUJDA/ANGADS airport;:;;:;;:;;:;;:;;:;;:;;:;;41,471;;40,871;;:;;:;;:;;:;
EINDHOVEN airport - NADOR/EL AROUI airport;:;;:;;:;;:;;:;;29,012;;28,854;;:;;:;;:;;:;;25,930;;40,777;;:;
EINDHOVEN airport - MARRAKECH/MENARA airport;:;;:;;34,686;;41,767;;34,045;;34,501;;34,830;;45,890;;94,485;;108,938;;23,360;;:;;57,082;;89,203;
EINDHOVEN airport - SKOPJE airport;:;;:;;:;;31,655;;32,560;;32,642;;30,984;;:;;47,629;;57,639;;:;;28,235;;51,600;;77,164;
EINDHOVEN airport - LUQA airport;:;;31,428;;30,208;;34,006;;33,009;;34,364;;34,231;;:;;:;;:;;:;;:;;:;;:;
EINDHOVEN airport - AMSTERDAM/SCHIPHOL airport;:;;:;;:;;:;;:;;:;;:;;:;;:;;:;;:;;:;;:;;:;
EINDHOVEN airport - MOSS/RYGGE airport;21,208;;:;;:;;:;;:;;:;;:;;:;;:;;:;;:;;:;;:;;:;
EINDHOVEN airport - GDANSK IM LECHA WALESY airport;26,160;;33,140;;61,440;;44,896;;53,380;;55,299;;67,294;;88,698;;124,213;;132,232;;54,841;;42,650;;102,492;;129,967;
EINDHOVEN airport - KRAKOW/BALICE airport;:;;:;;31,439;;34,727;;40,264;;54,969;;65,737;;91,300;;102,435;;174,342;;81,365;;78,278;;206,210;;194,666;
EINDHOVEN airport - KATOWICE/PYRZOWICE airport;55,579;;65,687;;69,674;;70,322;;89,370;;103,322;;99,722;;108,160;;142,000;;148,777;;63,953;;36,737;;105,366;;120,332;
EINDHOVEN airport - LUBLIN airport;:;;:;;:;;:;;:;;:;;26,450;;:;;:;;42,387;;21,027;;:;;:;;:;
EINDHOVEN airport - WARSZAWA/MODLIN airport;:;;:;;:;;:;;53,838;;64,818;;65,683;;67,369;;66,284;;62,945;;25,421;;34,126;;77,196;;72,750;
EINDHOVEN airport - POZNAN/LAWICA airport;:;;:;;:;;:;;:;;29,293;;29,876;;40,151;;42,007;;53,861;;:;;:;;:;;:;
EINDHOVEN airport - WARSZAWA/CHOPINA airport;27,675;;30,094;;22,155;;60,440;;39,221;;53,738;;54,369;;63,959;;73,640;;87,251;;39,795;;32,620;;78,254;;94,041;
EINDHOVEN airport - WROCLAW/STRACHOWICE airport;20,672;;34,357;;37,465;;37,676;;49,352;;58,006;;58,248;;68,000;;81,683;;86,635;;28,186;;:;;58,218;;88,975;
EINDHOVEN airport - FARO airport;75,993;;105,438;;114,488;;142,626;;149,634;;160,775;;165,973;;225,335;;226,055;;236,304;;111,437;;120,034;;232,393;;244,690;
EINDHOVEN airport - PORTO airport;65,455;;79,495;;74,363;;73,088;;75,548;;76,331;;89,343;;94,723;;90,635;;89,869;;34,342;;52,743;;110,933;;116,850;
EINDHOVEN airport - LISBOA airport;:;;:;;34,242;;54,927;;61,521;;160,634;;162,581;;191,514;;205,091;;194,945;;54,610;;75,162;;160,063;;160,820;
EINDHOVEN airport - BUCURESTI/BANEASA-AUREL VLAICU airport;:;;24,086;;:;;:;;:;;:;;:;;:;;:;;:;;:;;:;;:;;:;
EINDHOVEN airport - CLUJ NAPOCA/AVRAM IANCU airport;:;;:;;:;;:;;39,938;;42,051;;39,864;;46,051;;50,781;;51,043;;22,061;;31,891;;52,791;;64,997;
EINDHOVEN airport - IASI airport;:;;:;;:;;:;;:;;:;;:;;:;;:;;:;;:;;:;;43,959;;42,631;
EINDHOVEN airport - BUCURESTI/HENRI COANDA airport;:;;:;;23,474;;36,473;;37,451;;31,414;;28,459;;:;;61,918;;99,904;;44,742;;44,751;;111,606;;135,062;
EINDHOVEN airport - TIMISOARA/TRAIAN VUIA airport;:;;:;;:;;:;;:;;:;;29,500;;:;;:;;:;;:;;:;;:;;:;
EINDHOVEN airport - BEOGRAD/NIKOLA TESLA airport;:;;22,536;;38,000;;49,653;;48,076;;45,086;;43,232;;45,576;;56,868;;70,235;;25,690;;32,355;;68,618;;116,572;
EINDHOVEN airport - MOSCOW/VNUKOVO airport;:;;:;;:;;:;;:;;:;;:;;:;;:;;44,988;;:;;:;;:;;:;
EINDHOVEN airport - STOCKHOLM/SKAVSTA airport;68,716;;65,918;;64,581;;51,570;;:;;:;;:;;:;;:;;:;;:;;:;;:;;:;
EINDHOVEN airport - STOCKHOLM/ARLANDA airport;:;;:;;:;;:;;:;;:;;:;;:;;41,466;;:;;:;;:;;:;;:;
EINDHOVEN airport - BRATISLAVA/M.R.STEFANIK airport;:;;:;;:;;:;;:;;:;;:;;:;;:;;:;;:;;:;;:;;:;
EINDHOVEN airport - ANTALYA (MIL-CIV) airport;112,696;;156,967;;125,197;;119,416;;137,705;;124,752;;79,420;;70,794;;63,477;;76,827;;:;;:;;77,860;;54,001;
EINDHOVEN airport - ISTANBUL/ATATURK airport;:;;:;;:;;:;;:;;:;;:;;:;;:;;:;;:;;:;;:;;:;
EINDHOVEN airport - IZMIR/ADNAN MENDERES airport;:;;:;;:;;:;;:;;:;;:;;:;;:;;:;;:;;:;;:;;:;
EINDHOVEN airport - MUGLA/DALAMAN airport;:;;:;;:;;:;;:;;:;;:;;:;;:;;:;;:;;:;;:;;:;
EINDHOVEN airport - MUGLA/MILAS-BODRUM airport;:;;26,268;;27,878;;30,134;;20,497;;25,490;;:;;:;;:;;:;;:;;:;;:;;:;
EINDHOVEN airport - ISTANBUL/SABIHA GOKCEN airport;:;;:;;36,961;;48,301;;44,780;;47,720;;:;;:;;:;;:;;:;;:;;:;;43,121;
EINDHOVEN airport - MANCHESTER airport;:;;:;;:;;:;;:;;65,147;;71,207;;74,304;;72,158;;68,714;;20,406;;:;;46,376;;50,100;
EINDHOVEN airport - LONDON GATWICK airport;:;;:;;:;;:;;:;;:;;:;;:;;:;;:;;:;;:;;:;;:;
EINDHOVEN airport - LONDON/CITY airport;27,110;;26,735;;26,475;;:;;:;;:;;:;;:;;:;;:;;:;;:;;:;;:;
EINDHOVEN airport - LONDON HEATHROW airport;:;;:;;:;;:;;:;;:;;:;;:;;:;;:;;:;;:;;:;;:;
EINDHOVEN airport - EDINBURGH airport;:;;:;;:;;:;;:;;:;;:;;:;;49,720;;48,566;;:;;:;;:;;:;
EINDHOVEN airport - LONDON STANSTED airport;182,124;;209,103;;207,965;;205,223;;250,928;;242,431;;276,380;;263,017;;258,139;;316,132;;73,802;;40,915;;305,984;;337,872;
GRONINGEN/EELDE airport - MUENCHEN airport;:;;:;;:;;:;;:;;:;;:;;:;;15,755;;:;;:;;:;;:;;:;
GRONINGEN/EELDE airport - KOBENHAVN/KASTRUP airport;:;;:;;:;;:;;:;;:;;:;;24,585;;35,807;;:;;:;;:;;:;;:;
GRONINGEN/EELDE airport - IRAKLION/NIKOS KAZANTZAKIS airport;:;;:;;16,018;;16,230;;15,655;;14,699;;16,102;;40,861;;32,955;;34,391;;:;;:;;:;;:;
GRONINGEN/EELDE airport - KOS/IPPOKRATIS airport;:;;:;;16,080;;17,103;;16,438;;15,609;;:;;:;;:;;:;;:;;:;;:;;:;
GRONINGEN/EELDE airport - GRAN CANARIA airport;:;;:;;32,670;;32,290;;31,959;;32,583;;23,892;;47,655;;26,655;;34,002;;:;;:;;:;;:;
GRONINGEN/EELDE airport - LANZAROTE airport;:;;:;;:;;:;;:;;16,361;;15,232;;17,905;;10,336;;:;;:;;:;;:;;:;
GRONINGEN/EELDE airport - TENERIFE SUR/REINA SOFIA airport;:;;:;;16,729;;16,134;;16,234;;16,625;;:;;:;;:;;13,734;;:;;:;;:;;:;
GRONINGEN/EELDE airport - BARCELONA/EL PRAT airport;:;;:;;13,339;;:;;:;;:;;:;;:;;:;;:;;:;;:;;:;;:;
GRONINGEN/EELDE airport - GIRONA airport;:;;:;;:;;16,969;;18,618;;:;;:;;:;;:;;:;;:;;:;;:;;:;
GRONINGEN/EELDE airport - PALMA DE MALLORCA airport;:;;:;;26,951;;30,873;;33,128;;15,691;;15,862;;15,782;;15,838;;16,756;;:;;:;;:;;:;
GRONINGEN/EELDE airport - PALMA/SON SAN JUAN (MIL) airport;:;;:;;:;;:;;:;;:;;:;;:;;:;;:;;:;;:;;:;;:;
GRONINGEN/EELDE airport - MARSEILLE-PROVENCE airport;:;;:;;10,574;;:;;:;;:;;:;;:;;:;;:;;:;;:;;:;;:;
GRONINGEN/EELDE airport - BERGAMO/ORIO AL SERIO airport;:;;:;;15,829;;20,871;;:;;:;;:;;:;;:;;:;;:;;:;;:;;:;
GRONINGEN/EELDE airport - MAASTRICHT/AACHEN airport;:;;:;;:;;:;;:;;:;;:;;:;;:;;:;;:;;:;;:;;:;
GRONINGEN/EELDE airport - ROTTERDAM airport;:;;:;;:;;:;;:;;:;;:;;:;;:;;:;;:;;:;;:;;:;
GRONINGEN/EELDE airport - GDANSK IM LECHA WALESY airport;:;;:;;:;;:;;:;;28,481;;29,547;;31,528;;:;;:;;:;;:;;:;;:;
GRONINGEN/EELDE airport - FARO airport;:;;:;;19,630;;18,936;;19,172;;19,804;;21,971;;20,570;;17,631;;17,862;;:;;:;;:;;:;
GRONINGEN/EELDE airport - ANTALYA (MIL-CIV) airport;:;;:;;25,905;;32,321;;45,114;;42,874;;30,552;;:;;19,264;;18,984;;:;;:;;:;;:;
GRONINGEN/EELDE airport - MUGLA/DALAMAN airport;:;;:;;:;;:;;:;;:;;:;;:;;:;;:;;:;;:;;:;;:;
GRONINGEN/EELDE airport - MUGLA/MILAS-BODRUM airport;:;;:;;:;;:;;:;;17,235;;:;;:;;:;;:;;:;;:;;:;;:;
GRONINGEN/EELDE airport - SOUTHEND airport;:;;:;;:;;:;;12,777;;21,734;;24,717;;27,254;;55,272;;41,758;;:;;:;;:;;:;
GRONINGEN/EELDE airport - ABERDEEN/DYCE airport;:;;:;;:;;:;;:;;:;;:;;:;;:;;:;;:;;:;;:;;:;
GRONINGEN/EELDE airport - LONDON STANSTED airport;:;;:;;:;;:;;:;;:;;:;;:;;:;;:;;:;;:;;:;;:;
ROTTERDAM airport - INNSBRUCK airport;26,698;;28,525;;38,852;;43,129;;42,061;;42,730;;43,459;;46,262;;44,086;;45,726;;30,305;;:;;33,843;;46,466;
ROTTERDAM airport - SALZBURG airport;26,017;;24,387;;25,900;;25,770;;29,352;;26,521;;28,660;;36,641;;38,862;;43,039;;30,238;;:;;26,521;;41,040;
ROTTERDAM airport - WIEN-SCHWECHAT airport;:;;26,801;;40,438;;48,003;;46,782;;58,867;;97,334;;74,168;;50,121;;41,811;;:;;:;;:;;:;
ROTTERDAM airport - PRAHA/RUZYNE airport;:;;26,937;;38,169;;44,881;;49,257;;:;;:;;:;;:;;:;;:;;:;;:;;:;
ROTTERDAM airport - BERLIN-BRANDENBURG airport;:;;:;;:;;:;;:;;:;;60,006;;50,162;;:;;:;;:;;:;;:;;:;
ROTTERDAM airport - HAMBURG airport;:;;:;;:;;:;;:;;:;;:;;:;;:;;:;;:;;:;;:;;:;
ROTTERDAM airport - MUENCHEN airport;:;;:;;:;;48,780;;43,027;;37,858;;34,255;;:;;:;;:;;:;;:;;:;;:;
ROTTERDAM airport - BERLIN-TEGEL airport;:;;:;;:;;:;;:;;45,424;;:;;:;;:;;:;;:;;:;;:;;:;
ROTTERDAM airport - KOBENHAVN/KASTRUP airport;:;;:;;:;;:;;:;;:;;:;;:;;:;;:;;:;;:;;:;;:;
ROTTERDAM airport - IRAKLION/NIKOS KAZANTZAKIS airport;28,371;;28,470;;33,513;;31,428;;:;;:;;:;;:;;67,301;;50,793;;:;;23,098;;61,599;;55,118;
ROTTERDAM airport - KOS/IPPOKRATIS airport;16,382;;:;;:;;:;;:;;:;;:;;:;;:;;20,399;;:;;16,593;;39,134;;38,344;
ROTTERDAM airport - RODOS/DIAGORAS airport;15,334;;:;;:;;:;;:;;:;;:;;:;;:;;22,048;;:;;:;;20,893;;:;
ROTTERDAM airport - GRAN CANARIA airport;26,204;;24,532;;:;;:;;:;;:;;:;;29,886;;37,740;;29,637;;:;;:;;59,120;;70,693;
ROTTERDAM airport - LANZAROTE airport;:;;:;;:;;:;;:;;:;;:;;:;;:;;33,145;;:;;:;;24,334;;:;
ROTTERDAM airport - TENERIFE SUR/REINA SOFIA airport;:;;:;;20,790;;:;;:;;21,647;;21,122;;28,740;;36,601;;37,792;;:;;:;;59,013;;67,612;
ROTTERDAM airport - ALICANTE airport;87,730;;93,395;;96,815;;102,106;;103,132;;107,412;;110,239;;138,263;;152,677;;171,907;;51,364;;84,053;;162,231;;186,335;
ROTTERDAM airport - ALMERIA airport;:;;:;;:;;:;;:;;:;;:;;:;;26,497;;25,842;;:;;:;;23,835;;22,344;
ROTTERDAM airport - BARCELONA/EL PRAT airport;47,263;;70,203;;75,129;;79,606;;78,162;;134,490;;154,152;;148,961;;112,564;;88,583;;:;;30,652;;89,748;;97,618;
ROTTERDAM airport - GIRONA airport;16,621;;22,980;;23,497;;23,792;;28,138;;26,796;;26,832;;54,950;;55,059;;60,659;;:;;31,459;;53,400;;61,853;
ROTTERDAM airport - IBIZA airport;:;;:;;:;;25,158;;42,968;;40,544;;52,311;;75,676;;82,580;;89,292;;:;;52,716;;87,656;;92,270;
ROTTERDAM airport - ADOLFO SUAREZ MADRID-BARAJAS airport;:;;33,640;;44,019;;53,261;;55,949;;51,070;;:;;:;;:;;:;;:;;:;;:;;:;
ROTTERDAM airport - MALAGA/COSTA DEL SOL airport;89,648;;96,630;;111,553;;116,538;;113,205;;116,035;;126,034;;155,935;;170,002;;171,613;;52,419;;83,898;;182,443;;203,946;
ROTTERDAM airport - PALMA DE MALLORCA airport;15,908;;:;;:;;31,224;;45,428;;38,617;;50,757;;67,739;;76,743;;81,824;;:;;27,555;;52,445;;51,357;
ROTTERDAM airport - VALENCIA airport;:;;:;;:;;30,868;;38,639;;:;;:;;31,638;;47,949;;48,066;;:;;21,582;;51,446;;59,542;
ROTTERDAM airport - BERGERAC-ROUMANIERE airport;17,880;;20,951;;23,416;;25,306;;38,628;;38,226;;:;;39,902;;46,206;;49,188;;:;;19,974;;36,415;;38,462;
ROTTERDAM airport - NICE-COTE D'AZUR airport;62,123;;63,054;;59,523;;59,378;;54,307;;61,498;;:;;:;;:;;:;;:;;:;;:;;:;
ROTTERDAM airport - MONTPELLIER MEDITERRANEE airport;:;;21,767;;23,797;;22,857;;21,824;;20,511;;20,740;;22,280;;:;;22,353;;:;;:;;:;;:;
ROTTERDAM airport - PARIS-CHARLES DE GAULLE airport;:;;:;;:;;:;;:;;:;;:;;:;;:;;:;;:;;:;;:;;:;
ROTTERDAM airport - PARIS-ORLY airport;:;;:;;:;;:;;:;;:;;:;;:;;:;;:;;:;;:;;:;;:;
ROTTERDAM airport - HYERES-LE PALYVESTRE airport;:;;21,918;;21,365;;20,147;;22,664;;20,664;;21,343;;24,238;;21,639;;25,744;;:;;:;;:;;:;
ROTTERDAM airport - DUBROVNIK/CILIPI airport;:;;:;;:;;:;;:;;:;;:;;:;;21,436;;23,763;;:;;:;;20,345;;25,927;
ROTTERDAM airport - PULA airport;:;;:;;:;;:;;:;;:;;:;;:;;21,148;;30,150;;:;;15,155;;26,223;;23,182;
ROTTERDAM airport - SPLIT/KASTELA airport;:;;:;;:;;:;;23,650;;29,436;;32,884;;36,977;;35,492;;43,346;;:;;26,637;;43,239;;45,306;
ROTTERDAM airport - BUDAPEST/LISZT FERENC INTERNATIONAL airport;:;;:;;:;;34,953;;41,355;;53,324;;95,407;;72,589;;40,321;;:;;:;;:;;:;;:;
ROTTERDAM airport - DUBLIN airport;:;;:;;:;;:;;:;;:;;:;;:;;:;;:;;:;;:;;:;;:;
ROTTERDAM airport - BRINDISI/CASALE airport;:;;:;;:;;:;;:;;:;;:;;:;;:;;20,398;;:;;:;;:;;21,155;
ROTTERDAM airport - MILANO/MALPENSA airport;:;;28,438;;30,393;;:;;:;;:;;:;;:;;:;;:;;:;;:;;:;;:;
ROTTERDAM airport - BERGAMO/ORIO AL SERIO airport;:;;:;;:;;:;;:;;:;;:;;:;;:;;:;;:;;:;;:;;26,750;
ROTTERDAM airport - VENEZIA/TESSERA airport;:;;:;;:;;:;;:;;:;;:;;36,544;;42,580;;:;;:;;:;;:;;:;
ROTTERDAM airport - ROMA/FIUMICINO airport;66,121;;70,437;;72,938;;74,618;;76,337;;73,980;;105,713;;86,003;;51,189;;40,632;;:;;:;;34,680;;47,486;
ROTTERDAM airport - PISA/S. GIUSTO airport;:;;:;;:;;:;;:;;:;;:;;27,979;;34,692;;37,609;;:;;:;;:;;:;
ROTTERDAM airport - FES/SAISS airport;:;;:;;:;;:;;:;;:;;:;;:;;:;;:;;:;;:;;:;;21,559;
ROTTERDAM airport - NADOR/EL AROUI airport;:;;:;;:;;:;;:;;:;;:;;:;;:;;27,588;;:;;16,522;;28,357;;34,755;
ROTTERDAM airport - MARRAKECH/MENARA airport;:;;:;;:;;:;;:;;:;;:;;:;;:;;:;;:;;:;;:;;21,762;
ROTTERDAM airport - AL HOCEIMA/CHERIF EL IDRISSI airport;:;;:;;:;;:;;:;;:;;:;;:;;24,568;;35,049;;:;;16,632;;31,455;;37,093;
ROTTERDAM airport - TANGER/IBN BATOUTA airport;:;;:;;:;;:;;:;;:;;:;;:;;:;;40,469;;:;;18,130;;27,676;;42,600;
ROTTERDAM airport - LUQA airport;:;;:;;:;;:;;:;;:;;:;;:;;:;;:;;:;;:;;:;;:;
ROTTERDAM airport - OSLO/GARDERMOEN airport;:;;:;;:;;:;;:;;:;;:;;:;;:;;:;;:;;:;;:;;:;
ROTTERDAM airport - FARO airport;100,518;;108,232;;118,199;;120,911;;112,315;;111,010;;121,494;;140,838;;154,318;;157,693;;70,777;;72,178;;142,573;;158,021;
ROTTERDAM airport - LISBOA airport;:;;:;;:;;:;;:;;:;;:;;:;;48,581;;52,380;;:;;22,851;;59,898;;68,876;
ROTTERDAM airport - STOCKHOLM/SKAVSTA airport;:;;:;;:;;:;;:;;:;;:;;:;;:;;:;;:;;:;;:;;:;
ROTTERDAM airport - ANTALYA (MIL-CIV) airport;57,314;;64,676;;64,126;;68,216;;38,939;;34,637;;:;;26,088;;60,766;;57,600;;:;;:;;116,447;;87,066;
ROTTERDAM airport - KAYSERI (MIL/CIV) airport;:;;:;;:;;:;;:;;:;;:;;:;;:;;22,031;;:;;23,575;;43,480;;:;
ROTTERDAM airport - ISTANBUL/ATATURK airport;:;;:;;:;;:;;48,001;;78,508;;58,880;;:;;:;;:;;:;;:;;:;;:;
ROTTERDAM airport - MUGLA/DALAMAN airport;15,787;;:;;:;;:;;:;;:;;:;;:;;:;;:;;:;;:;;:;;:;
ROTTERDAM airport - MUGLA/MILAS-BODRUM airport;16,374;;:;;:;;:;;:;;:;;:;;:;;:;;:;;:;;:;;:;;:;
ROTTERDAM airport - ISTANBUL/SABIHA GOKCEN airport;:;;:;;:;;27,753;;37,074;;:;;:;;:;;:;;50,198;;:;;:;;23,667;;48,088;
ROTTERDAM airport - MANCHESTER airport;:;;:;;:;;:;;:;;:;;28,537;;:;;:;;:;;:;;:;;:;;:;
ROTTERDAM airport - LONDON LUTON airport;:;;:;;:;;:;;:;;:;;:;;:;;:;;:;;:;;:;;:;;:;
ROTTERDAM airport - LONDON GATWICK airport;47,034;;:;;:;;:;;:;;:;;:;;:;;:;;:;;:;;:;;:;;:;
ROTTERDAM airport - LONDON/CITY airport;115,764;;123,784;;113,196;;112,682;;158,959;;209,496;;219,222;;178,204;;172,617;;177,251;;27,441;;:;;112,276;;136,408;
ROTTERDAM airport - LONDON HEATHROW airport;:;;:;;:;;122,689;;113,757;;22,046;;:;;:;;:;;:;;:;;:;;:;;:;
ROTTERDAM airport - EDINBURGH airport;:;;:;;:;;:;;:;;:;;:;;:;;:;;:;;:;;:;;27,460;;26,744;
ROTTERDAM airport - LONDON STANSTED airport;:;;:;;:;;:;;:;;:;;:;;:;;:;;:;;:;;:;;:;;:;
;;;;;;;;;;;;;;;;;;;;;;;;;;;;
Special value;;;;;;;;;;;;;;;;;;;;;;;;;;;;
:;not available;;;;;;;;;;;;;;;;;;;;;;;;;;;
Available flags:;;;;;;;;;;;;;;;;;;;;;;;;;;;;
b;break in time series;;;;;;;;;;;;;;;;;;;;;;;;;;;
